postepowanie;plik;ext;bytes;text_chars;relevant_name
RIN.271.1.1.2026 Kogutek;RIN.271.1.1.2026 Kogutek/0 Wniosek o wszczęcie postępowania - KOGUTEK 2026.docx;.docx;24213;7834;True
RIN.271.1.1.2026 Kogutek;RIN.271.1.1.2026 Kogutek/1 UMOWA z Gminą Rymanów - projekt.odt;.odt;14947;0;True
RIN.271.1.1.2026 Kogutek;RIN.271.1.1.2026 Kogutek/2 KOGUTEK zadania - finansowanie - ZAŁACZNIK Nr 1 do wniosku o wszczecie postępowania.docx;.docx;21254;2725;False
RIN.271.1.1.2026 Kogutek;RIN.271.1.1.2026 Kogutek/Informacja BIP art.214 ust 1 pkt 13  rok 2026.docx;.docx;44767;7155;True
RIN.271.1.1.2026 Kogutek;RIN.271.1.1.2026 Kogutek/Informacja BIP art.214 ust 1 pkt 13.docx;.docx;44646;7164;True
RIN.271.1.1.2026 Kogutek;RIN.271.1.1.2026 Kogutek/Informacja o udzieleniu zamówienia na podstawie art 305 pkt 1 uPzp.pdf;.pdf;2699143;3;True
RIN.271.1.1.2026 Kogutek;RIN.271.1.1.2026 Kogutek/na strone Informacja BIP art.214 ust 1 pkt 13.docx;.docx;95482;7146;True
RIN.271.1.1.2026 Kogutek;RIN.271.1.1.2026 Kogutek/ogł 08de4e9c-3290-2484-47ec-270001f66305.pdf;.pdf;53805;6114;False
RIN.271.1.1.2026 Kogutek;RIN.271.1.1.2026 Kogutek/ogł o wyniku postępowania 08de6228-f2dd-011a-bbe7-1e0001c431cc.pdf;.pdf;62756;7349;True
RIN.271.1.1.2026 Kogutek;RIN.271.1.1.2026 Kogutek/ogł o zm ogł 08de4eb4-a739-4e56-47ec-270001f67123.pdf;.pdf;41700;5317;False
RIN.271.1.1.2026 Kogutek;RIN.271.1.1.2026 Kogutek/wniosek.pdf;.pdf;6074491;9;True
RIN.271.1.10.2026 Drogi moder 2;RIN.271.1.10.2026 Drogi moder 2/Otwarrcciiee/1_Protokół w tr podst  drogi cz1 cz2.docx;.docx;46370;32118;True
RIN.271.1.10.2026 Drogi moder 2;RIN.271.1.10.2026 Drogi moder 2/Otwarrcciiee/2_art 56 ust 3 oświad w przed dniem otwarcia ofert.docx;.docx;17138;7095;True
RIN.271.1.10.2026 Drogi moder 2;RIN.271.1.10.2026 Drogi moder 2/Otwarrcciiee/3_Info o kwocie dr cz1.cz2.docx;.docx;93088;1237;True
RIN.271.1.10.2026 Drogi moder 2;RIN.271.1.10.2026 Drogi moder 2/Otwarrcciiee/3_Infoa z OTWARCIA dr cz 1 cz 2.docx;.docx;92781;2653;True
RIN.271.1.10.2026 Drogi moder 2;RIN.271.1.10.2026 Drogi moder 2/Otwarrcciiee/4_Info - wybór oferty RIN.271.1.10.2026 drogi.docx;.docx;98911;4082;True
RIN.271.1.10.2026 Drogi moder 2;RIN.271.1.10.2026 Drogi moder 2/Otwarrcciiee/4_Wezwanie - do złożenia oświadczeń dr cz1.docx;.docx;94246;3497;True
RIN.271.1.10.2026 Drogi moder 2;RIN.271.1.10.2026 Drogi moder 2/Otwarrcciiee/4_Wezwanie - do złożenia oświadczeń dr cz2.docx;.docx;94391;3441;True
RIN.271.1.10.2026 Drogi moder 2;RIN.271.1.10.2026 Drogi moder 2/Otwarrcciiee/5_DYSP ZWROTU WADIUM dr cz1 cz2.docx;.docx;39901;9508;True
RIN.271.1.10.2026 Drogi moder 2;RIN.271.1.10.2026 Drogi moder 2/Otwarrcciiee/Informacja o kwocie dr cz1 cz2.pdf;.pdf;549299;1;True
RIN.271.1.10.2026 Drogi moder 2;RIN.271.1.10.2026 Drogi moder 2/Otwarrcciiee/Informacja o wyborze oferty modern drog et.2.pdf;.pdf;2336162;4;True
RIN.271.1.10.2026 Drogi moder 2;RIN.271.1.10.2026 Drogi moder 2/Otwarrcciiee/Informacja_z_otwarcia_ofert (30).docx;.docx;40657;1597;True
RIN.271.1.10.2026 Drogi moder 2;RIN.271.1.10.2026 Drogi moder 2/Otwarrcciiee/Raport_z_przebiegu_otwarcia_ofert (25) (1).pdf;.pdf;180217;18753;True
RIN.271.1.10.2026 Drogi moder 2;RIN.271.1.10.2026 Drogi moder 2/Otwarrcciiee/Roboczy_plik_xml (1).xml;.xml;7383;7332;True
RIN.271.1.10.2026 Drogi moder 2;RIN.271.1.10.2026 Drogi moder 2/Otwarrcciiee/informacja z otwarcia ofert dr cz1 cz2.pdf;.pdf;1154879;2;True
RIN.271.1.10.2026 Drogi moder 2;RIN.271.1.10.2026 Drogi moder 2/Otwarrcciiee/informacja_do_prezesa.xml;.xml;11578;11515;True
RIN.271.1.10.2026 Drogi moder 2;RIN.271.1.10.2026 Drogi moder 2/Otwarrcciiee/kryterium cz1 cz2.xlsx;.xlsx;25782;3754;True
RIN.271.1.10.2026 Drogi moder 2;RIN.271.1.10.2026 Drogi moder 2/Otwarrcciiee/pot wysłania do Wyk info wyb 08df12ed-62c9-87a7-f222-b00001ff71bc-wiadomosc (1).pdf;.pdf;34601;1546;True
RIN.271.1.10.2026 Drogi moder 2;RIN.271.1.10.2026 Drogi moder 2/SWZ drogi 2 częsci.docx;.docx;103453;80203;True
RIN.271.1.10.2026 Drogi moder 2;RIN.271.1.10.2026 Drogi moder 2/_umowaCz1Cz2/F-KR50-EG-0012124-GU-1_Gwarancja_należytego_wykonania_umowy_i_usunięcia_wad_lub_usterek_Q21Q22_20260916.docx;.docx;36493;4365;True
RIN.271.1.10.2026 Drogi moder 2;RIN.271.1.10.2026 Drogi moder 2/_umowaCz1Cz2/art 56 ust 2 oświad w przed podpisniem umowy drogi.docx;.docx;17917;10855;True
RIN.271.1.10.2026 Drogi moder 2;RIN.271.1.10.2026 Drogi moder 2/_umowaCz1Cz2/cz1 umowa RIN.272.1.10.2026 modrern dr.docx;.docx;90977;67725;True
RIN.271.1.10.2026 Drogi moder 2;RIN.271.1.10.2026 Drogi moder 2/_umowaCz1Cz2/cz2 umowa RIN.272.1.10.2026 modrern dr.docx;.docx;90799;67732;True
RIN.271.1.10.2026 Drogi moder 2;RIN.271.1.10.2026 Drogi moder 2/_umowaCz1Cz2/draft cz1/Dane do umowy.docx;.docx;15054;1884;True
RIN.271.1.10.2026 Drogi moder 2;RIN.271.1.10.2026 Drogi moder 2/_umowaCz1Cz2/draft cz1/Draft gwarancji_1789585782534S00GWA.pdf;.pdf;72936;9394;True
RIN.271.1.10.2026 Drogi moder 2;RIN.271.1.10.2026 Drogi moder 2/_umowaCz1Cz2/draft cz1/cz1 gwar harm koszt/Gwarancja_920070132354 (1).pdf;.pdf;260682;9399;True
RIN.271.1.10.2026 Drogi moder 2;RIN.271.1.10.2026 Drogi moder 2/_umowaCz1Cz2/draft cz1/cz1 gwar harm koszt/Harmonogram - Posada Górna-sig.pdf;.pdf;637581;4704;True
RIN.271.1.10.2026 Drogi moder 2;RIN.271.1.10.2026 Drogi moder 2/_umowaCz1Cz2/draft cz1/cz1 gwar harm koszt/Harmonogram - Wróblik Królewski-sig.pdf;.pdf;646913;5013;True
RIN.271.1.10.2026 Drogi moder 2;RIN.271.1.10.2026 Drogi moder 2/_umowaCz1Cz2/draft cz1/cz1 gwar harm koszt/Kosztorys ofertowy - Posada Górna-sig.pdf;.pdf;684370;4345;True
RIN.271.1.10.2026 Drogi moder 2;RIN.271.1.10.2026 Drogi moder 2/_umowaCz1Cz2/draft cz1/cz1 gwar harm koszt/Kosztorys ofertowy - Wróblik Królewski-sig.pdf;.pdf;599617;4780;True
RIN.271.1.10.2026 Drogi moder 2;RIN.271.1.10.2026 Drogi moder 2/_umowaCz1Cz2/draftcz2/Gwarancja 698100006016 WesoĊ_owski (1).pdf;.pdf;519032;4793;True
RIN.271.1.10.2026 Drogi moder 2;RIN.271.1.10.2026 Drogi moder 2/ogłoszenie cz1cz2 drogi 08df1958-ef4b-6b3b-b7e0-6500014aa1d1.pdf;.pdf;51718;8281;True
RIN.271.1.10.2026 Drogi moder 2;RIN.271.1.10.2026 Drogi moder 2/wadium/WADIUM DROGBUD.pdf;.pdf;1001106;2222;True
RIN.271.1.10.2026 Drogi moder 2;RIN.271.1.10.2026 Drogi moder 2/wadium/strabag.pdf;.pdf;1000099;2213;True
RIN.271.1.10.2026 Drogi moder 2;RIN.271.1.10.2026 Drogi moder 2/wadium/wadium Rejon.pdf;.pdf;998637;2187;True
RIN.271.1.10.2026 Drogi moder 2;RIN.271.1.10.2026 Drogi moder 2/wniosek powyżej 170tyś.docx;.docx;26927;4770;True
RIN.271.1.11.2026 Elewacja BG;RIN.271.1.11.2026 Elewacja BG/SWZ elewacja BGR.docx;.docx;102367;78731;True
RIN.271.1.11.2026 Elewacja BG;RIN.271.1.11.2026 Elewacja BG/Wniosek PZP - elewacja.docx;.docx;23258;5853;True
RIN.271.1.11.2026 Elewacja BG;RIN.271.1.11.2026 Elewacja BG/otwarciiieee/1_Protokół w tr podst elewacje.docx;.docx;44206;29591;True
RIN.271.1.11.2026 Elewacja BG;RIN.271.1.11.2026 Elewacja BG/otwarciiieee/2_art 56 ust 3 oświad w przed dniem otwarcia ofert.docx;.docx;17125;6961;True
RIN.271.1.11.2026 Elewacja BG;RIN.271.1.11.2026 Elewacja BG/otwarciiieee/3_Info o kwocie.docx;.docx;92732;881;True
RIN.271.1.11.2026 Elewacja BG;RIN.271.1.11.2026 Elewacja BG/otwarciiieee/3_Infoa z OTWARCIA elewacjaBG.docx;.docx;91395;1349;True
RIN.271.1.11.2026 Elewacja BG;RIN.271.1.11.2026 Elewacja BG/otwarciiieee/4_Info - wybór oferty RIN.271.1.11.2026 elew.docx;.docx;94743;1662;True
RIN.271.1.11.2026 Elewacja BG;RIN.271.1.11.2026 Elewacja BG/otwarciiieee/4_Wezwanie - do złożenia oświadczeń elew BG.docx;.docx;93604;2400;True
RIN.271.1.11.2026 Elewacja BG;RIN.271.1.11.2026 Elewacja BG/otwarciiieee/5_DYSP ZWROTU WADIUM elewacja.docx;.docx;19715;2041;True
RIN.271.1.11.2026 Elewacja BG;RIN.271.1.11.2026 Elewacja BG/otwarciiieee/Informacja o wyborze oferty elewac.pdf;.pdf;941095;2;True
RIN.271.1.11.2026 Elewacja BG;RIN.271.1.11.2026 Elewacja BG/otwarciiieee/Informacja z otwarcia elewacja BG.pdf;.pdf;577758;1;True
RIN.271.1.11.2026 Elewacja BG;RIN.271.1.11.2026 Elewacja BG/otwarciiieee/Raport_z_przebiegu_otwarcia_ofert (26).pdf;.pdf;59520;7811;True
RIN.271.1.11.2026 Elewacja BG;RIN.271.1.11.2026 Elewacja BG/otwarciiieee/Roboczy_plik_xml (1).xml;.xml;4276;4259;True
RIN.271.1.11.2026 Elewacja BG;RIN.271.1.11.2026 Elewacja BG/otwarciiieee/art 56 ust 2 oświad w przed podpisniem umowy.docx;.docx;17886;10777;True
RIN.271.1.11.2026 Elewacja BG;RIN.271.1.11.2026 Elewacja BG/otwarciiieee/info o wyb 08df17d1-4548-85a0-f222-b00001027c3b-wiadomosc.pdf;.pdf;36521;1050;True
RIN.271.1.11.2026 Elewacja BG;RIN.271.1.11.2026 Elewacja BG/otwarciiieee/informacja o kwocie remBG.pdf;.pdf;463599;1;True
RIN.271.1.11.2026 Elewacja BG;RIN.271.1.11.2026 Elewacja BG/otwarciiieee/informacja_do_prezesa.xml;.xml;5794;5776;True
RIN.271.1.11.2026 Elewacja BG;RIN.271.1.11.2026 Elewacja BG/otwarciiieee/kryteria ofert.xlsx;.xlsx;19825;1515;True
RIN.271.1.11.2026 Elewacja BG;RIN.271.1.11.2026 Elewacja BG/otwarciiieee/odpNaWezwa/08df17b3-c2dd-e22a-f222-b000010234fe-wiadomosc.pdf;.pdf;34593;1466;True
RIN.271.1.11.2026 Elewacja BG;RIN.271.1.11.2026 Elewacja BG/otwarciiieee/odpNaWezwa/Odpis_Aktualny_KRS_0000785071 (1).pdf;.pdf;43134;17965;True
RIN.271.1.11.2026 Elewacja BG;RIN.271.1.11.2026 Elewacja BG/otwarciiieee/odpNaWezwa/Zał nr 3 do SWZ oświadczenie o grupie kapitałowej (5).pdf;.pdf;360187;2857;True
RIN.271.1.11.2026 Elewacja BG;RIN.271.1.11.2026 Elewacja BG/otwarciiieee/odpNaWezwa/Zał nr 5-B wykaz osób do SWZ (4).pdf;.pdf;310745;2980;True
RIN.271.1.11.2026 Elewacja BG;RIN.271.1.11.2026 Elewacja BG/otwarciiieee/offerty/1/ocds-148610-f5b29cbc-577d-4b20-b6dd-0f2bb505d0ba_114189_01_01.zip;.zip;1429240;0;True
RIN.271.1.11.2026 Elewacja BG;RIN.271.1.11.2026 Elewacja BG/otwarciiieee/offerty/2/ocds-148610-f5b29cbc-577d-4b20-b6dd-0f2bb505d0ba_48506_01_01.zip;.zip;473559;0;True
RIN.271.1.11.2026 Elewacja BG;RIN.271.1.11.2026 Elewacja BG/otwarciiieee/potw wys wezwania 08df13c1-049b-4f0d-f222-b00001003017-wiadomosc.pdf;.pdf;36506;980;True
RIN.271.1.11.2026 Elewacja BG;RIN.271.1.11.2026 Elewacja BG/otwarciiieee/wezwanie do złożenia podm śr dow MajsterBud.pdf;.pdf;1071697;2;True
RIN.271.1.11.2026 Elewacja BG;RIN.271.1.11.2026 Elewacja BG/wadiumm/wadium elewacja.pdf;.pdf;999589;2215;True
RIN.271.1.12.2026 LekOfinansach;RIN.271.1.12.2026 LekOfinansach/1_Protokół w tr podst LekOfinas.docx;.docx;44229;29519;True
RIN.271.1.12.2026 LekOfinansach;RIN.271.1.12.2026 LekOfinansach/Pytania/08df13cc-74ac-4dc5-f222-b00001004991-wiadomosc (1).pdf;.pdf;33842;1404;False
RIN.271.1.12.2026 LekOfinansach;RIN.271.1.12.2026 LekOfinansach/Pytania/1_Pytania i udzielone odpowiedzi LoFinans.docx;.docx;92827;2491;True
RIN.271.1.12.2026 LekOfinansach;RIN.271.1.12.2026 LekOfinansach/Pytania/1_Pytania i udzielone odpowiedzi LoFinans.pdf;.pdf;796966;1;True
RIN.271.1.12.2026 LekOfinansach;RIN.271.1.12.2026 LekOfinansach/SWZ Usługa/komisja/2_art 56 ust 3 oświadczenie w przed dniem otwarcia ofert.docx;.docx;18206;7196;True
RIN.271.1.12.2026 LekOfinansach;RIN.271.1.12.2026 LekOfinansach/SWZ Usługa/komisja/KOMISJA Z A R Z Ą D Z E N I E NR u.docx;.docx;17984;1313;True
RIN.271.1.12.2026 LekOfinansach;RIN.271.1.12.2026 LekOfinansach/SWZ Usługa/komisja/art 56 ust 2 oświadczenie w przed podpisniem umowy.docx;.docx;17001;8894;True
RIN.271.1.12.2026 LekOfinansach;RIN.271.1.12.2026 LekOfinansach/SWZ Usługa/komisja/zarządzenie zmieniające KOMISJA Z A R Z Ą D Z E N I E NR u.docx;.docx;17327;1501;True
RIN.271.1.12.2026 LekOfinansach;RIN.271.1.12.2026 LekOfinansach/SWZ Usługa.docx;.docx;62711;55208;True
RIN.271.1.12.2026 LekOfinansach;RIN.271.1.12.2026 LekOfinansach/otwoarcie/08df1567-d038-721c-f222-b0000101a4e4-wiadomosc.pdf;.pdf;36603;995;False
RIN.271.1.12.2026 LekOfinansach;RIN.271.1.12.2026 LekOfinansach/otwoarcie/1_Protokół w tr podst LekOfinan.docx;.docx;44220;29519;True
RIN.271.1.12.2026 LekOfinansach;RIN.271.1.12.2026 LekOfinansach/otwoarcie/2_art 56 ust 3 oświad w przed dniem otwarcia ofert lek o finans.docx;.docx;17169;7246;True
RIN.271.1.12.2026 LekOfinansach;RIN.271.1.12.2026 LekOfinansach/otwoarcie/3_Info o kwocie lek o finans.docx;.docx;92790;956;False
RIN.271.1.12.2026 LekOfinansach;RIN.271.1.12.2026 LekOfinansach/otwoarcie/3_Info o kwocie lek o finans.pdf;.pdf;419522;1603;False
RIN.271.1.12.2026 LekOfinansach;RIN.271.1.12.2026 LekOfinansach/otwoarcie/3_Infoa z OTWARCIA lekFinans-1.pdf;.pdf;425872;2243;True
RIN.271.1.12.2026 LekOfinansach;RIN.271.1.12.2026 LekOfinansach/otwoarcie/3_Infoa z OTWARCIA lekFinans.docx;.docx;91482;1431;True
RIN.271.1.12.2026 LekOfinansach;RIN.271.1.12.2026 LekOfinansach/otwoarcie/4_Info - wybór oferty RIN.271.1.12.2026 LekOfin.docx;.docx;94686;1841;True
RIN.271.1.12.2026 LekOfinansach;RIN.271.1.12.2026 LekOfinansach/otwoarcie/4_Wezwanie - do złożenia oświadczeń lekOfinans-2.pdf;.pdf;320537;4114;True
RIN.271.1.12.2026 LekOfinansach;RIN.271.1.12.2026 LekOfinansach/otwoarcie/5_DYSP ZWROTU WADIUM lekOfinans.docx;.docx;19793;2149;True
RIN.271.1.12.2026 LekOfinansach;RIN.271.1.12.2026 LekOfinansach/otwoarcie/Informacja o wyborze oferty LekOfinan.pdf;.pdf;1001574;2;True
RIN.271.1.12.2026 LekOfinansach;RIN.271.1.12.2026 LekOfinansach/otwoarcie/Informacja_z_otwarcia_ofert (32).docx;.docx;40451;918;True
RIN.271.1.12.2026 LekOfinansach;RIN.271.1.12.2026 LekOfinansach/otwoarcie/Raport_z_przebiegu_otwarcia_ofert (27) (1).pdf;.pdf;99137;7770;True
RIN.271.1.12.2026 LekOfinansach;RIN.271.1.12.2026 LekOfinansach/otwoarcie/Roboczy_plik_xml (1).xml;.xml;3716;3697;False
RIN.271.1.12.2026 LekOfinansach;RIN.271.1.12.2026 LekOfinansach/otwoarcie/art 56 ust 2 oświad w przed podpisniem umowy lek finansach.docx;.docx;17955;11153;True
RIN.271.1.12.2026 LekOfinansach;RIN.271.1.12.2026 LekOfinansach/otwoarcie/informacja_do_prezesa.xml;.xml;5817;5795;True
RIN.271.1.12.2026 LekOfinansach;RIN.271.1.12.2026 LekOfinansach/otwoarcie/odpNaWez/08df1573-a321-2eca-f222-b0000101c05e-wiadomosc (1).pdf;.pdf;34341;1406;False
RIN.271.1.12.2026 LekOfinansach;RIN.271.1.12.2026 LekOfinansach/otwoarcie/odpNaWez/Referencje (1).pdf;.pdf;515251;1;False
RIN.271.1.12.2026 LekOfinansach;RIN.271.1.12.2026 LekOfinansach/otwoarcie/odpNaWez/Załącznik_nr_3_-_Oświadczenie_Wykonawcy_grupy_kapitałowej (1).pdf;.pdf;383942;2518;True
RIN.271.1.12.2026 LekOfinansach;RIN.271.1.12.2026 LekOfinansach/otwoarcie/odpNaWez/Załącznik_nr_3_-_Oświadczenie_Wykonawcy_grupy_kapitałowej.pdf;.pdf;383942;2518;True
RIN.271.1.12.2026 LekOfinansach;RIN.271.1.12.2026 LekOfinansach/otwoarcie/odpNaWez/Załącznik_nr_4_-_Wykaz_usług_wycieczek.pdf;.pdf;603850;2705;False
RIN.271.1.12.2026 LekOfinansach;RIN.271.1.12.2026 LekOfinansach/otwoarcie/odpNaWez/Załącznik_nr_8_-_Oświadczenie_art_125_ust_1_PZP.pdf;.pdf;460347;2469;True
RIN.271.1.12.2026 LekOfinansach;RIN.271.1.12.2026 LekOfinansach/otwoarcie/offerrtty/1/ocds-148610-d368337f-73cb-4c2f-814d-ce66b3b92466_112205_01_01.zip;.zip;530166;0;False
RIN.271.1.12.2026 LekOfinansach;RIN.271.1.12.2026 LekOfinansach/otwoarcie/offerrtty/2/ocds-148610-d368337f-73cb-4c2f-814d-ce66b3b92466_134351_01_01.zip;.zip;3643002;0;False
RIN.271.1.12.2026 LekOfinansach;RIN.271.1.12.2026 LekOfinansach/otwoarcie/offerrtty/4_Wezwanie - do złożenia oświadczeń lekOfinans.docx;.docx;95060;3024;True
RIN.271.1.12.2026 LekOfinansach;RIN.271.1.12.2026 LekOfinansach/otwoarcie/wybOferty08df17a4-2eda-1fbc-f222-b0000102130f-wiadomosc.pdf;.pdf;33534;1131;True
RIN.271.1.12.2026 LekOfinansach;RIN.271.1.12.2026 LekOfinansach/wadia/WADIUM finanse.pdf;.pdf;388485;1915;True
RIN.271.1.12.2026 LekOfinansach;RIN.271.1.12.2026 LekOfinansach/wadia/wadium Travel-line.pdf;.pdf;387662;1919;True
RIN.271.1.12.2026 LekOfinansach;RIN.271.1.12.2026 LekOfinansach/wniosek o wszczęcie przetargu.docx;.docx;24542;4813;True
RIN.271.1.12.2026 LekOfinansach;RIN.271.1.12.2026 LekOfinansach/załącznik nr 1 .docx;.docx;21569;8483;False
RIN.271.1.13.2026 transp Odpad;RIN.271.1.13.2026 transp Odpad/KOMISJA Z A R Z Ą D Z E N I E NR odp.docx;.docx;17964;1251;False
RIN.271.1.13.2026 transp Odpad;RIN.271.1.13.2026 transp Odpad/SWZ_odbór_odp_pszok.docx;.docx;65835;54808;True
RIN.271.1.13.2026 transp Odpad;RIN.271.1.13.2026 transp Odpad/SWZ_odpPszok/Dane.txt;.txt;0;0;True
RIN.271.1.13.2026 transp Odpad;RIN.271.1.13.2026 transp Odpad/SWZ_odpPszok/SWZ_odbór_odp_pszok.txt;.txt;43342;41281;True
RIN.271.1.13.2026 transp Odpad;RIN.271.1.13.2026 transp Odpad/SWZ_odpPszok/Szacunek.xlsx;.xlsx;11319;403;True
RIN.271.1.13.2026 transp Odpad;RIN.271.1.13.2026 transp Odpad/SWZ_odpPszok/Umowa Załącznik nr 4 do SWZ.txt;.txt;41567;39417;True
RIN.271.1.13.2026 transp Odpad;RIN.271.1.13.2026 transp Odpad/SWZ_odpPszok/Wniosek.docx;.docx;40812;18095;True
RIN.271.1.13.2026 transp Odpad;RIN.271.1.13.2026 transp Odpad/SWZ_odpPszok/ZAŁĄCZNIK NR 2 DO SWZ.docx;.docx;17397;2447;True
RIN.271.1.13.2026 transp Odpad;RIN.271.1.13.2026 transp Odpad/SWZ_odpPszok/ZAŁĄCZNIK NR 6 DO SWZ - ośw odbiór odp kom od mieszkaniec.docx;.docx;17321;2450;True
RIN.271.1.13.2026 transp Odpad;RIN.271.1.13.2026 transp Odpad/doPublikacji/SWZ_odbOdpKomPszok.pdf;.pdf;16429169;19;True
RIN.271.1.13.2026 transp Odpad;RIN.271.1.13.2026 transp Odpad/doPublikacji/ZAŁĄCZNIK NR 2 DO SWZ - oświadczenie art 125 uPzp.docx;.docx;17909;2444;True
RIN.271.1.13.2026 transp Odpad;RIN.271.1.13.2026 transp Odpad/doPublikacji/ZAŁĄCZNIK NR 3 DO SWZ - oświadczenie o grupie kapitałowej.docx;.docx;15369;1728;True
RIN.271.1.13.2026 transp Odpad;RIN.271.1.13.2026 transp Odpad/doPublikacji/ZAŁĄCZNIK NR 4 do SWZ – Projektowane postanowienia umowy.docx;.docx;55218;38258;True
RIN.271.1.13.2026 transp Odpad;RIN.271.1.13.2026 transp Odpad/doPublikacji/ZAŁĄCZNIK NR 5 do SWZ - OPZ.docx;.docx;3188686;10585;True
RIN.271.1.13.2026 transp Odpad;RIN.271.1.13.2026 transp Odpad/doPublikacji/ZAŁĄCZNIK NR 6 DO SWZ - ośw odbiór odp z Pszok.docx;.docx;16615;1313;True
RIN.271.1.13.2026 transp Odpad;RIN.271.1.13.2026 transp Odpad/doPublikacji/Załącznik nr 1a do SWZ - Formularzu kalkulacji ceny ofertowej.xls;.xls;40448;0;True
RIN.271.1.13.2026 transp Odpad;RIN.271.1.13.2026 transp Odpad/doPublikacji/ogłoszenie_08df189a-6e6e-44ba-b7e0-6500014a966a.pdf;.pdf;80072;27515;True
RIN.271.1.2.2026 Woda Bzianka;RIN.271.1.2.2026 Woda Bzianka/1_Protokół w tr podst wB1.docx;.docx;45950;32015;True
RIN.271.1.2.2026 Woda Bzianka;RIN.271.1.2.2026 Woda Bzianka/Pytania/1_Pytania i udzielone odpowiedzi wB1.docx;.docx;95015;4724;True
RIN.271.1.2.2026 Woda Bzianka;RIN.271.1.2.2026 Woda Bzianka/Pytania/2_Pytania i udzielone odpowiedzi wB1.docx;.docx;93042;2675;True
RIN.271.1.2.2026 Woda Bzianka;RIN.271.1.2.2026 Woda Bzianka/Pytania/Pyt 1/08de9c7f-b9b7-17ea-d377-8b000110e8e9-wiadomosc.pdf;.pdf;36552;918;False
RIN.271.1.2.2026 Woda Bzianka;RIN.271.1.2.2026 Woda Bzianka/Pytania/Pyt 1/1_Pytania i udzielone odpowiedzi.pdf;.pdf;2125236;3;True
RIN.271.1.2.2026 Woda Bzianka;RIN.271.1.2.2026 Woda Bzianka/Pytania/Pyt 1/Pytania do Zamawiającego z dnia 17.04.2026-sig.pdf;.pdf;1962209;3345;False
RIN.271.1.2.2026 Woda Bzianka;RIN.271.1.2.2026 Woda Bzianka/Pytania/Pyt 1/odpowiedzi na pytania PRID.docx;.docx;15058;1629;True
RIN.271.1.2.2026 Woda Bzianka;RIN.271.1.2.2026 Woda Bzianka/Pytania/Pyt 2/08dea115-2e9a-ed51-d377-8b000113ad4d-wiadomosc.pdf;.pdf;36894;1152;False
RIN.271.1.2.2026 Woda Bzianka;RIN.271.1.2.2026 Woda Bzianka/Pytania/Pyt 2/2_Pytania i udzielone odpowiedzi.pdf;.pdf;1184013;2;True
RIN.271.1.2.2026 Woda Bzianka;RIN.271.1.2.2026 Woda Bzianka/Pytania/Pyt 2/RYMANÓW.pdf;.pdf;410206;1;False
RIN.271.1.2.2026 Woda Bzianka;RIN.271.1.2.2026 Woda Bzianka/SWZ woda Bzianka.docx;.docx;103205;80132;True
RIN.271.1.2.2026 Woda Bzianka;RIN.271.1.2.2026 Woda Bzianka/ogł o wyn post umowa08deb564-5e21-a295-4b6e-b7000122cfb6.pdf;.pdf;68038;7631;True
RIN.271.1.2.2026 Woda Bzianka;RIN.271.1.2.2026 Woda Bzianka/otwarccciee/2_art 56 ust 3 oświad w przed dniem otwarcia ofert.docx;.docx;17050;7004;True
RIN.271.1.2.2026 Woda Bzianka;RIN.271.1.2.2026 Woda Bzianka/otwarccciee/3_Info o kwocie.docx;.docx;88518;861;True
RIN.271.1.2.2026 Woda Bzianka;RIN.271.1.2.2026 Woda Bzianka/otwarccciee/3_Infoa z OTWARCIA wB1.docx;.docx;93761;3700;True
RIN.271.1.2.2026 Woda Bzianka;RIN.271.1.2.2026 Woda Bzianka/otwarccciee/4_Info - wybór oferty RIN.271.1.2.2026 w bzianka.docx;.docx;96783;3116;True
RIN.271.1.2.2026 Woda Bzianka;RIN.271.1.2.2026 Woda Bzianka/otwarccciee/4_Wezwanie - do złożenia oświadczeń wB1.docx;.docx;95711;3348;True
RIN.271.1.2.2026 Woda Bzianka;RIN.271.1.2.2026 Woda Bzianka/otwarccciee/Informacja o kwocie wB1.pdf;.pdf;451407;1;True
RIN.271.1.2.2026 Woda Bzianka;RIN.271.1.2.2026 Woda Bzianka/otwarccciee/Informacja o wyborze oferty wB1.pdf;.pdf;1883159;3;True
RIN.271.1.2.2026 Woda Bzianka;RIN.271.1.2.2026 Woda Bzianka/otwarccciee/Informacja z otwarcia ofert wB1.pdf;.pdf;1375096;2;True
RIN.271.1.2.2026 Woda Bzianka;RIN.271.1.2.2026 Woda Bzianka/otwarccciee/Roboczy_plik_xml.xml;.xml;8834;8764;True
RIN.271.1.2.2026 Woda Bzianka;RIN.271.1.2.2026 Woda Bzianka/otwarccciee/inf do prezesa 08dea44f-5c89-9d53-d377-8b00011579c7-wiadomosc.pdf;.pdf;36302;919;True
RIN.271.1.2.2026 Woda Bzianka;RIN.271.1.2.2026 Woda Bzianka/otwarccciee/informacja_do_prezesa.xml;.xml;10249;10170;True
RIN.271.1.2.2026 Woda Bzianka;RIN.271.1.2.2026 Woda Bzianka/otwarccciee/odp na wezwanie ROLWOD/08dea4f5-526d-32e6-d377-8b000115e559-wiadomosc.pdf;.pdf;39466;1951;True
RIN.271.1.2.2026 Woda Bzianka;RIN.271.1.2.2026 Woda Bzianka/otwarccciee/odp na wezwanie ROLWOD/Odpis_Aktualny_KRS_0000157037-16.pdf;.pdf;218601;20587;True
RIN.271.1.2.2026 Woda Bzianka;RIN.271.1.2.2026 Woda Bzianka/otwarccciee/odp na wezwanie ROLWOD/Polisa OC.pdf;.pdf;653798;2;True
RIN.271.1.2.2026 Woda Bzianka;RIN.271.1.2.2026 Woda Bzianka/otwarccciee/odp na wezwanie ROLWOD/Referencje Zał nr 4-B - wykaz robót do SWZ.pdf;.pdf;455802;1;True
RIN.271.1.2.2026 Woda Bzianka;RIN.271.1.2.2026 Woda Bzianka/otwarccciee/odp na wezwanie ROLWOD/Uprawnienia Marcin Bal Zał nr 5-B wykaz osób do SWZ (1).pdf;.pdf;737386;3;True
RIN.271.1.2.2026 Woda Bzianka;RIN.271.1.2.2026 Woda Bzianka/otwarccciee/odp na wezwanie ROLWOD/Zał nr 3 do SWZ oświadczenie o grupie kapitałowej (1).pdf;.pdf;326186;2446;True
RIN.271.1.2.2026 Woda Bzianka;RIN.271.1.2.2026 Woda Bzianka/otwarccciee/odp na wezwanie ROLWOD/Zał nr 4-B - wykaz robót do SWZ (1).pdf;.pdf;326915;2946;True
RIN.271.1.2.2026 Woda Bzianka;RIN.271.1.2.2026 Woda Bzianka/otwarccciee/odp na wezwanie ROLWOD/Zał nr 5-B wykaz osób do SWZ (1).pdf;.pdf;286394;3787;True
RIN.271.1.2.2026 Woda Bzianka;RIN.271.1.2.2026 Woda Bzianka/otwarccciee/potw wezwania 08dea454-b0e6-ceab-d377-8b00011588ee-wiadomosc.pdf;.pdf;37840;1315;True
RIN.271.1.2.2026 Woda Bzianka;RIN.271.1.2.2026 Woda Bzianka/otwarccciee/wezwanie do złożenia dokumentów wB1.pdf;.pdf;1413701;2;True
RIN.271.1.2.2026 Woda Bzianka;RIN.271.1.2.2026 Woda Bzianka/otwarccciee/wysł wiad wybór oferty 08dea9d2-6c25-7204-d377-8b000118aaba-wiadomosc.pdf;.pdf;42112;2680;True
RIN.271.1.2.2026 Woda Bzianka;RIN.271.1.2.2026 Woda Bzianka/otwarccciee/~$Info o kwocie.docx;.docx;162;35;True
RIN.271.1.2.2026 Woda Bzianka;RIN.271.1.2.2026 Woda Bzianka/ranking ofert.xlsx;.xlsx;19722;3653;True
RIN.271.1.2.2026 Woda Bzianka;RIN.271.1.2.2026 Woda Bzianka/umowa wzór.docx;.docx;90057;70033;True
RIN.271.1.2.2026 Woda Bzianka;RIN.271.1.2.2026 Woda Bzianka/umowaPoKorekcie/Harmonogram_rzeczowo finansowy Bzianka.pdf;.pdf;79961;2386;True
RIN.271.1.2.2026 Woda Bzianka;RIN.271.1.2.2026 Woda Bzianka/umowaPoKorekcie/Polisa OC PZU 2026 27.pdf;.pdf;1095714;2;True
RIN.271.1.2.2026 Woda Bzianka;RIN.271.1.2.2026 Woda Bzianka/umowaPoKorekcie/RIN.272.1.2.2026 Rolwod woda Bzianka1.docx;.docx;89953;67531;True
RIN.271.1.2.2026 Woda Bzianka;RIN.271.1.2.2026 Woda Bzianka/umowaPoKorekcie/art 56 ust 2 oświad w przed podpisniem umowy.docx;.docx;17899;10816;True
RIN.271.1.2.2026 Woda Bzianka;RIN.271.1.2.2026 Woda Bzianka/wadium/5_DYSP ZWROTU WADIUM Głowik.docx;.docx;25556;4238;True
RIN.271.1.2.2026 Woda Bzianka;RIN.271.1.2.2026 Woda Bzianka/wadium/DYSPOZYCJA ZALICZENIA WADIUM do zabezpieczenia Rolwod.docx;.docx;16386;899;True
RIN.271.1.2.2026 Woda Bzianka;RIN.271.1.2.2026 Woda Bzianka/wadium/RIN 272.1.2.2026 Prośba o zaliczenie wadium m. Bzianka-2.pdf;.pdf;221921;1233;True
RIN.271.1.2.2026 Woda Bzianka;RIN.271.1.2.2026 Woda Bzianka/wadium/wadium Głowik.pdf;.pdf;378994;2332;True
RIN.271.1.2.2026 Woda Bzianka;RIN.271.1.2.2026 Woda Bzianka/wadium/wadium PRID.pdf;.pdf;379353;2341;True
RIN.271.1.2.2026 Woda Bzianka;RIN.271.1.2.2026 Woda Bzianka/wadium/wadium ROOLWOD.pdf;.pdf;379484;2330;True
RIN.271.1.2.2026 Woda Bzianka;RIN.271.1.2.2026 Woda Bzianka/wadium/wadium Sniezek.pdf;.pdf;380359;2344;True
RIN.271.1.2.2026 Woda Bzianka;RIN.271.1.2.2026 Woda Bzianka/wadium/wadium Stygar.pdf;.pdf;380549;2663;True
RIN.271.1.2.2026 Woda Bzianka;RIN.271.1.2.2026 Woda Bzianka/wadium/zwrot wadium Rymanów wniosek Głowik.pdf;.pdf;352148;1249;True
RIN.271.1.2.2026 Woda Bzianka;RIN.271.1.2.2026 Woda Bzianka/wniosek.docx;.docx;20571;6531;True
RIN.271.1.2.2026 Woda Bzianka;RIN.271.1.2.2026 Woda Bzianka/~$Z woda Bzianka.docx;.docx;162;35;False
RIN.271.1.3.2026 dach gminy;RIN.271.1.3.2026 dach gminy/1_Protokół w tr podst dGR.docx;.docx;47374;34327;True
RIN.271.1.3.2026 dach gminy;RIN.271.1.3.2026 dach gminy/Pytania/08dea5dc-547c-fa80-d377-8b000116fb27-wiadomosc.pdf;.pdf;32238;871;False
RIN.271.1.3.2026 dach gminy;RIN.271.1.3.2026 dach gminy/Pytania/1_Pytania i udzielone odpowiedzi dachGR.docx;.docx;92578;1888;True
RIN.271.1.3.2026 dach gminy;RIN.271.1.3.2026 dach gminy/Pytania/1_Pytania i udzielone odpowiedzi dachGR.pdf;.pdf;684425;1;True
RIN.271.1.3.2026 dach gminy;RIN.271.1.3.2026 dach gminy/Pytania/Re  Fwd  Pytania do przetargu - t.rzeszut@poczta.fm - 2026-05-04 2326.eml;.eml;27303;0;False
RIN.271.1.3.2026 dach gminy;RIN.271.1.3.2026 dach gminy/Pytania/Zapytanie - Rymanów dach.pdf;.pdf;274682;1;False
RIN.271.1.3.2026 dach gminy;RIN.271.1.3.2026 dach gminy/Rankin ofert.xlsx;.xlsx;20138;2658;True
RIN.271.1.3.2026 dach gminy;RIN.271.1.3.2026 dach gminy/SWZ remont dachu bud gminy Rymanów.docx;.docx;102878;78688;True
RIN.271.1.3.2026 dach gminy;RIN.271.1.3.2026 dach gminy/Wniosek PZP - dach.docx;.docx;22497;5218;True
RIN.271.1.3.2026 dach gminy;RIN.271.1.3.2026 dach gminy/ogło o wykonaniu umowy 08def91a-297c-8b04-68d1-700001d6a72d.pdf;.pdf;40501;4658;True
RIN.271.1.3.2026 dach gminy;RIN.271.1.3.2026 dach gminy/ottwwwarcciee/08deac25-e69f-9420-d377-8b00011ae113-wiadomosc.pdf;.pdf;32934;896;False
RIN.271.1.3.2026 dach gminy;RIN.271.1.3.2026 dach gminy/ottwwwarcciee/2_art 56 ust 3 oświad w przed dniem otwarcia ofert dach.docx;.docx;17033;6945;True
RIN.271.1.3.2026 dach gminy;RIN.271.1.3.2026 dach gminy/ottwwwarcciee/3_Info o kwocie dach.docx;.docx;88546;850;False
RIN.271.1.3.2026 dach gminy;RIN.271.1.3.2026 dach gminy/ottwwwarcciee/3_Infoa z OTWARCIA dGR.docx;.docx;93247;3181;True
RIN.271.1.3.2026 dach gminy;RIN.271.1.3.2026 dach gminy/ottwwwarcciee/4_Info - wybór oferty RIN.271.1.3.2026.docx;.docx;101371;7522;True
RIN.271.1.3.2026 dach gminy;RIN.271.1.3.2026 dach gminy/ottwwwarcciee/Informacja o kwocie dGR.pdf;.pdf;440232;1;True
RIN.271.1.3.2026 dach gminy;RIN.271.1.3.2026 dach gminy/ottwwwarcciee/Informacja o odrzuceniu ofert oraz wyborze oferty.pdf;.pdf;3145317;5;True
RIN.271.1.3.2026 dach gminy;RIN.271.1.3.2026 dach gminy/ottwwwarcciee/Informacja z otwarcia ofert dGR.pdf;.pdf;1378530;2;True
RIN.271.1.3.2026 dach gminy;RIN.271.1.3.2026 dach gminy/ottwwwarcciee/Raport_z_przebiegu_otwarcia_ofert (19).pdf;.pdf;93777;25252;True
RIN.271.1.3.2026 dach gminy;RIN.271.1.3.2026 dach gminy/ottwwwarcciee/Roboczy_plik_xml.xml;.xml;4286;4262;False
RIN.271.1.3.2026 dach gminy;RIN.271.1.3.2026 dach gminy/ottwwwarcciee/informacja_do_prezesa.xml;.xml;9372;9301;True
RIN.271.1.3.2026 dach gminy;RIN.271.1.3.2026 dach gminy/ottwwwarcciee/offertyy/Rażąco niska cena/08deb01f-d49b-a988-d377-8b00011d5d14-wiadomosc.pdf;.pdf;34087;1100;False
RIN.271.1.3.2026 dach gminy;RIN.271.1.3.2026 dach gminy/ottwwwarcciee/offertyy/Rażąco niska cena/16_wezwanie r_n_c do ATMC Kraków.docx;.docx;94804;5805;True
RIN.271.1.3.2026 dach gminy;RIN.271.1.3.2026 dach gminy/ottwwwarcciee/offertyy/Rażąco niska cena/Notatka RNC 8 ofert.docx;.docx;19442;1954;True
RIN.271.1.3.2026 dach gminy;RIN.271.1.3.2026 dach gminy/ottwwwarcciee/offertyy/Rażąco niska cena/Notatka.docx;.docx;19143;1952;False
RIN.271.1.3.2026 dach gminy;RIN.271.1.3.2026 dach gminy/ottwwwarcciee/offertyy/Rażąco niska cena/wezwanie do złożenia wyjaśnień RNC AMTC.pdf;.pdf;1996123;2;True
RIN.271.1.3.2026 dach gminy;RIN.271.1.3.2026 dach gminy/ottwwwarcciee/offertyy/Uzasadnienie faktyczne.docx;.docx;17433;3770;False
RIN.271.1.3.2026 dach gminy;RIN.271.1.3.2026 dach gminy/ottwwwarcciee/offertyy/wezw do uzupeł/AMTC08deac22-fd8e-2203-d377-8b00011ad945-wiadomosc.pdf;.pdf;37659;1173;True
RIN.271.1.3.2026 dach gminy;RIN.271.1.3.2026 dach gminy/ottwwwarcciee/offertyy/wezw do uzupeł/domar08deac23-36e6-7c75-d377-8b00011ad9d5-wiadomosc.pdf;.pdf;37371;1144;True
RIN.271.1.3.2026 dach gminy;RIN.271.1.3.2026 dach gminy/ottwwwarcciee/offertyy/wezw do uzupeł/odpAMTC/08deb00c-58d1-e5e7-d377-8b00011d2879-wiadomosc.pdf;.pdf;37566;1070;True
RIN.271.1.3.2026 dach gminy;RIN.271.1.3.2026 dach gminy/ottwwwarcciee/offertyy/wezw do uzupeł/odpAMTC/Raport_Weryfikacja_podpisu_20260512120232370.pdf;.pdf;352171;2399;True
RIN.271.1.3.2026 dach gminy;RIN.271.1.3.2026 dach gminy/ottwwwarcciee/offertyy/wezw do uzupeł/odpAMTC/Zał nr 2 do SWZ oswiadczenia-wykonawcy-wykonawcow-z-art-125-ust-1-ustawy-Pzp.pdf;.pdf;999962;7850;True
RIN.271.1.3.2026 dach gminy;RIN.271.1.3.2026 dach gminy/ottwwwarcciee/offertyy/wezw do uzupeł/wezwanie do uzupełnienia AMTC.docx;.docx;88856;1471;True
RIN.271.1.3.2026 dach gminy;RIN.271.1.3.2026 dach gminy/ottwwwarcciee/offertyy/wezw do uzupeł/wezwanie do uzupełnienia Domar.docx;.docx;88850;1446;True
RIN.271.1.3.2026 dach gminy;RIN.271.1.3.2026 dach gminy/ottwwwarcciee/offertyy/wezw do uzupeł/wezwanie do uzupełnienia.docx;.docx;88874;1447;True
RIN.271.1.3.2026 dach gminy;RIN.271.1.3.2026 dach gminy/ottwwwarcciee/offertyy/wezw do uzupeł/wezwanie do uzupełnienie AMTC.pdf;.pdf;686147;1;True
RIN.271.1.3.2026 dach gminy;RIN.271.1.3.2026 dach gminy/ottwwwarcciee/offertyy/wezw do uzupeł/wezwanie do uzupełnienie Domar.pdf;.pdf;637978;1;True
RIN.271.1.3.2026 dach gminy;RIN.271.1.3.2026 dach gminy/ottwwwarcciee/offertyy/wezw do złożenia ośw/4_Wezwanie - do złożenia oświadczeń dGR ABE.docx;.docx;95050;2345;True
RIN.271.1.3.2026 dach gminy;RIN.271.1.3.2026 dach gminy/ottwwwarcciee/offertyy/wezw do złożenia ośw/4_Wezwanie - do złożenia oświadczeń dGR.docx;.docx;94625;2336;True
RIN.271.1.3.2026 dach gminy;RIN.271.1.3.2026 dach gminy/ottwwwarcciee/offertyy/wezw do złożenia ośw/odp na wezw/08deb75c-9687-8b84-d377-8b000122e36a-wiadomosc.pdf;.pdf;33756;1179;False
RIN.271.1.3.2026 dach gminy;RIN.271.1.3.2026 dach gminy/ottwwwarcciee/offertyy/wezw do złożenia ośw/odp na wezw/Raport_20260522081424389.pdf;.pdf;75876;7376;False
RIN.271.1.3.2026 dach gminy;RIN.271.1.3.2026 dach gminy/ottwwwarcciee/offertyy/wezw do złożenia ośw/odp na wezw/Zał nr 3 do SWZ oświadczenie o grupie kapitałowej (2).pdf;.pdf;429163;2306;True
RIN.271.1.3.2026 dach gminy;RIN.271.1.3.2026 dach gminy/ottwwwarcciee/offertyy/wezw do złożenia ośw/odp na wezw/Zał nr 5-B wykaz osób do SWZ (2).pdf;.pdf;390248;3032;True
RIN.271.1.3.2026 dach gminy;RIN.271.1.3.2026 dach gminy/ottwwwarcciee/offertyy/wezw do złożenia ośw/odp na wezw/Zaświadczenie o wpisie.pdf;.pdf;140999;6120;False
RIN.271.1.3.2026 dach gminy;RIN.271.1.3.2026 dach gminy/ottwwwarcciee/offertyy/wezw do złożenia ośw/potw wysła 08deb4d9-5e12-2ba3-d377-8b0001207d1b-wiadomosc.pdf;.pdf;33074;1083;False
RIN.271.1.3.2026 dach gminy;RIN.271.1.3.2026 dach gminy/ottwwwarcciee/offertyy/wezw do złożenia ośw/wezwanie do złożenia dokumentów potw spełnienie warunków udziału dGR.pdf;.pdf;828973;1;True
RIN.271.1.3.2026 dach gminy;RIN.271.1.3.2026 dach gminy/potw info wyb ofert 08deb7cb-7b62-c403-d377-8b000123035c-wiadomosc.pdf;.pdf;36165;2033;True
RIN.271.1.3.2026 dach gminy;RIN.271.1.3.2026 dach gminy/umowa.rin.3.2026/Umowa RIN.271.1.3.2026 rdBG.docx;.docx;88922;66013;True
RIN.271.1.3.2026 dach gminy;RIN.271.1.3.2026 dach gminy/umowa.rin.3.2026/art 56 ust 2 oświad w przed podpisniem umowy dach.docx;.docx;17909;10792;True
RIN.271.1.3.2026 dach gminy;RIN.271.1.3.2026 dach gminy/umowa.rin.3.2026/do umowy/2026 Zaswiadczenie PIIB Wiesław Wałęga.pdf;.pdf;86475;12429;True
RIN.271.1.3.2026 dach gminy;RIN.271.1.3.2026 dach gminy/umowa.rin.3.2026/do umowy/HARMONOGRAM.pdf;.pdf;286829;379;True
RIN.271.1.3.2026 dach gminy;RIN.271.1.3.2026 dach gminy/umowa.rin.3.2026/do umowy/Kosztorys ofertowy.pdf;.pdf;293946;2853;True
RIN.271.1.3.2026 dach gminy;RIN.271.1.3.2026 dach gminy/umowa.rin.3.2026/do umowy/Potwierdzenie_transakcji_nr_0239298003_280526-zabezpieczenie.pdf;.pdf;54383;1582;True
RIN.271.1.3.2026 dach gminy;RIN.271.1.3.2026 dach gminy/umowa.rin.3.2026/do umowy/Uprawnienia Wiesław Wałęga.pdf;.pdf;2386605;2;True
RIN.271.1.3.2026 dach gminy;RIN.271.1.3.2026 dach gminy/umowa.rin.3.2026/ogł o wyniku post 08debf9b-2da8-b4cf-4b6e-b700012345a8.pdf;.pdf;65432;6041;True
RIN.271.1.4.2026 ubezpieczenia;RIN.271.1.4.2026 ubezpieczenia/OGŁOSZENIE O ZAMÓWIENIU (1).pdf;.pdf;137751;17808;True
RIN.271.1.4.2026 ubezpieczenia;RIN.271.1.4.2026 ubezpieczenia/Załącznik nr 1 do SWZ - OPZ Rymanów 22.04.2026.docx;.docx;243415;176702;True
RIN.271.1.4.2026 ubezpieczenia;RIN.271.1.4.2026 ubezpieczenia/do zamieszczenia/SWZ  27.04.2026 Gmina Rymanów.docx;.docx;134602;41951;True
RIN.271.1.4.2026 ubezpieczenia;RIN.271.1.4.2026 ubezpieczenia/do zamieszczenia/Załącznik nr 1 do SWZ - OPZ Rymanów 22.04.2026.docx;.docx;241967;175601;True
RIN.271.1.4.2026 ubezpieczenia;RIN.271.1.4.2026 ubezpieczenia/do zamieszczenia/Załącznik nr 2  - Formularz oferty Rymanów poprawka.docx;.docx;269605;8680;True
RIN.271.1.4.2026 ubezpieczenia;RIN.271.1.4.2026 ubezpieczenia/do zamieszczenia/Załącznik nr 3 - Zaświadczenie o spełnianiu warunków udziału w postępowaniu i niepodleganiu wykluczeniu (4).docx;.docx;251165;2594;False
RIN.271.1.4.2026 ubezpieczenia;RIN.271.1.4.2026 ubezpieczenia/do zamieszczenia/Załącznik nr 4a- Wzór umowy cz I Gmina Rymanów.docx;.docx;264240;16889;True
RIN.271.1.4.2026 ubezpieczenia;RIN.271.1.4.2026 ubezpieczenia/do zamieszczenia/Załącznik nr 4b - część II - Wzór umowy- Gmina Rymanów.docx;.docx;263489;16492;True
RIN.271.1.4.2026 ubezpieczenia;RIN.271.1.4.2026 ubezpieczenia/do zamieszczenia/Załącznik nr 5 - Oświadczenie o grupie kapitałowej (11).docx;.docx;248734;1188;True
RIN.271.1.4.2026 ubezpieczenia;RIN.271.1.4.2026 ubezpieczenia/do zamieszczenia/Załącznik nr 6 - Wniosek o udostępnienie części poufnej.docx;.docx;251556;2177;True
RIN.271.1.4.2026 ubezpieczenia;RIN.271.1.4.2026 ubezpieczenia/do zamieszczenia/zał. wykaz mienia.xlsx;.xlsx;1669166;177542;False
RIN.271.1.4.2026 ubezpieczenia;RIN.271.1.4.2026 ubezpieczenia/korekta/Szacunek wartosci zamowienia 3+1, 2 zęsci.pdf;.pdf;338408;5740;False
RIN.271.1.4.2026 ubezpieczenia;RIN.271.1.4.2026 ubezpieczenia/korekta/Załącznik nr 1 do SWZ - OPZ Rymanów 22.04.2026.docx;.docx;241967;175601;True
RIN.271.1.4.2026 ubezpieczenia;RIN.271.1.4.2026 ubezpieczenia/korekta/wzór pełnomocnictwa pełnomocnik.docx;.docx;17730;1895;False
RIN.271.1.4.2026 ubezpieczenia;RIN.271.1.4.2026 ubezpieczenia/korekta/zał. wykaz mienia.xlsx;.xlsx;1669166;177542;False
RIN.271.1.4.2026 ubezpieczenia;RIN.271.1.4.2026 ubezpieczenia/szacunek 3+1 Rymanów.pdf;.pdf;941450;6073;False
RIN.271.1.4.2026 ubezpieczenia;RIN.271.1.4.2026 ubezpieczenia/zał. wykaz mienia.xlsx;.xlsx;1667292;177541;False
RIN.271.1.5.2026 Cyber serwery;RIN.271.1.5.2026 Cyber serwery/1_Protokół w tr podst CS.docx;.docx;43308;29515;True
RIN.271.1.5.2026 Cyber serwery;RIN.271.1.5.2026 Cyber serwery/KOMISJA Z A R Z Ą D Z E N I E NR u.docx;.docx;17911;1341;False
RIN.271.1.5.2026 Cyber serwery;RIN.271.1.5.2026 Cyber serwery/SWZ dostawa.docx;.docx;175416;54750;True
RIN.271.1.5.2026 Cyber serwery;RIN.271.1.5.2026 Cyber serwery/oootttwwwaaarrrccciiiwww/08deb4cb-dcf5-8d4e-d377-8b0001205890-wiadomosc.pdf;.pdf;34003;1110;False
RIN.271.1.5.2026 Cyber serwery;RIN.271.1.5.2026 Cyber serwery/oootttwwwaaarrrccciiiwww/Informacja o kwocie Cyb.pdf;.pdf;505337;1;True
RIN.271.1.5.2026 Cyber serwery;RIN.271.1.5.2026 Cyber serwery/oootttwwwaaarrrccciiiwww/Informacja o kwocie ser.docx;.docx;187631;912;True
RIN.271.1.5.2026 Cyber serwery;RIN.271.1.5.2026 Cyber serwery/oootttwwwaaarrrccciiiwww/Informacja o unieważnieniu postępowania CS.pdf;.pdf;666799;1;True
RIN.271.1.5.2026 Cyber serwery;RIN.271.1.5.2026 Cyber serwery/oootttwwwaaarrrccciiiwww/Informacja z otwarcia ofert CS.pdf;.pdf;600575;1;True
RIN.271.1.5.2026 Cyber serwery;RIN.271.1.5.2026 Cyber serwery/oootttwwwaaarrrccciiiwww/Raport_z_przebiegu_otwarcia_ofert (20).pdf;.pdf;81424;5939;True
RIN.271.1.5.2026 Cyber serwery;RIN.271.1.5.2026 Cyber serwery/oootttwwwaaarrrccciiiwww/offfffrty/5_DYSP ZWROTU WADIUM CS.docx;.docx;16860;1155;True
RIN.271.1.5.2026 Cyber serwery;RIN.271.1.5.2026 Cyber serwery/oootttwwwaaarrrccciiiwww/offfffrty/Informacja o unieważnieniu postępowania CS.docx;.docx;189567;1659;True
RIN.271.1.5.2026 Cyber serwery;RIN.271.1.5.2026 Cyber serwery/oootttwwwaaarrrccciiiwww/offfffrty/Informacja z otwarcia ofert CS.docx;.docx;189165;1318;True
RIN.271.1.5.2026 Cyber serwery;RIN.271.1.5.2026 Cyber serwery/oootttwwwaaarrrccciiiwww/offfffrty/Informacja_z_otwarcia_ofert (24).docx;.docx;40251;882;True
RIN.271.1.5.2026 Cyber serwery;RIN.271.1.5.2026 Cyber serwery/oootttwwwaaarrrccciiiwww/offfffrty/Roboczy_plik_xml.xml;.xml;3815;3788;False
RIN.271.1.5.2026 Cyber serwery;RIN.271.1.5.2026 Cyber serwery/oootttwwwaaarrrccciiiwww/offfffrty/informacja_do_prezesa.xml;.xml;5482;5454;True
RIN.271.1.5.2026 Cyber serwery;RIN.271.1.5.2026 Cyber serwery/oootttwwwaaarrrccciiiwww/ogł o wyn post uniewaz 08deb4cc-8520-a629-4b6e-b7000122ca7f.pdf;.pdf;52591;4959;False
RIN.271.1.5.2026 Cyber serwery;RIN.271.1.5.2026 Cyber serwery/wadium/wadium JT.pdf;.pdf;379717;2330;True
RIN.271.1.5.2026 Cyber serwery;RIN.271.1.5.2026 Cyber serwery/wszecie cyberbezpieczny samorzad .docx;.docx;24815;4218;False
RIN.271.1.6.2026 Cyber Serw 2;RIN.271.1.6.2026 Cyber Serw 2/1_Protokół w tr podst CS.docx;.docx;43275;29632;True
RIN.271.1.6.2026 Cyber Serw 2;RIN.271.1.6.2026 Cyber Serw 2/KOMISJA Z A R Z Ą D Z E N I E NR u.docx;.docx;17941;1341;False
RIN.271.1.6.2026 Cyber Serw 2;RIN.271.1.6.2026 Cyber Serw 2/SWZ dostawa 2.docx;.docx;175569;54753;True
RIN.271.1.6.2026 Cyber Serw 2;RIN.271.1.6.2026 Cyber Serw 2/ogl o wyniku 08dec848-ce86-a76d-4b6e-b7000123b26c.pdf;.pdf;68696;6655;True
RIN.271.1.6.2026 Cyber Serw 2;RIN.271.1.6.2026 Cyber Serw 2/otwarcieeee/5_DYSP ZWROTU WADIUMcs.docx;.docx;20310;2326;True
RIN.271.1.6.2026 Cyber Serw 2;RIN.271.1.6.2026 Cyber Serw 2/otwarcieeee/Informacja o kwocie ser 2.docx;.docx;187552;916;True
RIN.271.1.6.2026 Cyber Serw 2;RIN.271.1.6.2026 Cyber Serw 2/otwarcieeee/Informacja o wyborze oferty cs2.docx;.docx;191875;2353;True
RIN.271.1.6.2026 Cyber Serw 2;RIN.271.1.6.2026 Cyber Serw 2/otwarcieeee/Informacja o wyborze oferty cs2.pdf;.pdf;437049;4093;True
RIN.271.1.6.2026 Cyber Serw 2;RIN.271.1.6.2026 Cyber Serw 2/otwarcieeee/Informacja z otwarcia ofert CS 2.docx;.docx;189914;1518;True
RIN.271.1.6.2026 Cyber Serw 2;RIN.271.1.6.2026 Cyber Serw 2/otwarcieeee/Informacja z otwarcia ofert CS 2.pdf;.pdf;430625;2283;True
RIN.271.1.6.2026 Cyber Serw 2;RIN.271.1.6.2026 Cyber Serw 2/otwarcieeee/informacja o kwocie cb2.pdf;.pdf;465371;1;True
RIN.271.1.6.2026 Cyber Serw 2;RIN.271.1.6.2026 Cyber Serw 2/otwarcieeee/oferty/1/Raport_20260603112838559.pdf;.pdf;106069;55555;True
RIN.271.1.6.2026 Cyber Serw 2;RIN.271.1.6.2026 Cyber Serw 2/otwarcieeee/oferty/1/odp na wezw/08dec15d-5b52-9ce5-d377-8b0001bdf18d-wiadomosc.pdf;.pdf;34373;1149;True
RIN.271.1.6.2026 Cyber Serw 2;RIN.271.1.6.2026 Cyber Serw 2/otwarcieeee/oferty/1/odp na wezw/Załącznik nr 3 do SWZ - Grupa kapitałowa 2.pdf;.pdf;415816;2680;True
RIN.271.1.6.2026 Cyber Serw 2;RIN.271.1.6.2026 Cyber Serw 2/otwarcieeee/oferty/1/potw wysłania wezwania 08dec159-1fff-8add-d377-8b0001bde506-wiadomosc.pdf;.pdf;34170;1093;True
RIN.271.1.6.2026 Cyber Serw 2;RIN.271.1.6.2026 Cyber Serw 2/otwarcieeee/oferty/2/udost dokumentów/08dec157-26a5-4567-d377-8b0001bddf6b-wiadomosc.pdf;.pdf;32838;1043;True
RIN.271.1.6.2026 Cyber Serw 2;RIN.271.1.6.2026 Cyber Serw 2/otwarcieeee/oferty/2/udost dokumentów/Gmina-Rymanów_wniosek-o-wgląd.pdf;.pdf;334293;1651;True
RIN.271.1.6.2026 Cyber Serw 2;RIN.271.1.6.2026 Cyber Serw 2/otwarcieeee/oferty/2/udost dokumentów/Pismo przewodnie odp na wniosek udost dok.docx;.docx;189356;1054;True
RIN.271.1.6.2026 Cyber Serw 2;RIN.271.1.6.2026 Cyber Serw 2/otwarcieeee/oferty/2/udost dokumentów/odp/08dec157-26a5-4567-d377-8b0001bddf6b-wiadomosc.pdf;.pdf;32838;1043;True
RIN.271.1.6.2026 Cyber Serw 2;RIN.271.1.6.2026 Cyber Serw 2/otwarcieeee/oferty/2/udost dokumentów/odp/Gmina-Rymanów_wniosek-o-wgląd.pdf;.pdf;334293;1651;True
RIN.271.1.6.2026 Cyber Serw 2;RIN.271.1.6.2026 Cyber Serw 2/otwarcieeee/oferty/2/udost dokumentów/potw udostępnienia ofert 08dec166-2328-334f-d377-8b0001be0c39-wiadomosc.pdf;.pdf;32718;1042;True
RIN.271.1.6.2026 Cyber Serw 2;RIN.271.1.6.2026 Cyber Serw 2/otwarcieeee/oferty/Raport_z_przebiegu_otwarcia_ofert (21).pdf;.pdf;146356;12555;True
RIN.271.1.6.2026 Cyber Serw 2;RIN.271.1.6.2026 Cyber Serw 2/otwarcieeee/oferty/Roboczy_plik_xml.xml;.xml;3814;3787;True
RIN.271.1.6.2026 Cyber Serw 2;RIN.271.1.6.2026 Cyber Serw 2/otwarcieeee/oferty/informacja_do_prezesa.xml;.xml;5878;5849;True
RIN.271.1.6.2026 Cyber Serw 2;RIN.271.1.6.2026 Cyber Serw 2/otwarcieeee/oferty/wezwanie do złożenia oświadczeń cs2.docx;.docx;189520;1979;True
RIN.271.1.6.2026 Cyber Serw 2;RIN.271.1.6.2026 Cyber Serw 2/otwarcieeee/oferty/wezwanie do złożenia oświadczeń cs2.pdf;.pdf;423144;2752;True
RIN.271.1.6.2026 Cyber Serw 2;RIN.271.1.6.2026 Cyber Serw 2/otwarcieeee/potw wysł wyb oferty 08dec16c-e5fd-1e3b-d377-8b0001be20bf-wiadomosc.pdf;.pdf;34005;1163;True
RIN.271.1.6.2026 Cyber Serw 2;RIN.271.1.6.2026 Cyber Serw 2/pytania/08debcab-4a70-7f23-d377-8b0001268191-wiadomosc.pdf;.pdf;32799;858;False
RIN.271.1.6.2026 Cyber Serw 2;RIN.271.1.6.2026 Cyber Serw 2/pytania/1_Pytania i udzielone odpowiedzi cbs.docx;.docx;198233;15272;True
RIN.271.1.6.2026 Cyber Serw 2;RIN.271.1.6.2026 Cyber Serw 2/pytania/1_zmiana_SWZ cbs.docx;.docx;40125;1408;True
RIN.271.1.6.2026 Cyber Serw 2;RIN.271.1.6.2026 Cyber Serw 2/pytania/ODPOWIEDZI NA PYTANIA WYKONAWCY AI.docx;.docx;16469;4234;True
RIN.271.1.6.2026 Cyber Serw 2;RIN.271.1.6.2026 Cyber Serw 2/pytania/odp cyberbezpieczny samorzad__.docx;.docx;144727;14663;False
RIN.271.1.6.2026 Cyber Serw 2;RIN.271.1.6.2026 Cyber Serw 2/pytania/pytania do zamawiającego.pdf;.pdf;135811;10749;False
RIN.271.1.6.2026 Cyber Serw 2;RIN.271.1.6.2026 Cyber Serw 2/pytania/zmiana ogł 08debd4d-bd47-7478-4b6e-b70001233a13.pdf;.pdf;36820;1871;True
RIN.271.1.6.2026 Cyber Serw 2;RIN.271.1.6.2026 Cyber Serw 2/umowa do podpis/Raport_20260611130822599.pdf;.pdf;74641;6414;True
RIN.271.1.6.2026 Cyber Serw 2;RIN.271.1.6.2026 Cyber Serw 2/umowa do podpis/Umowa RIN.272.1.6.20226 z dn.9.06 serwCS.docx;.docx;157043;23302;True
RIN.271.1.6.2026 Cyber Serw 2;RIN.271.1.6.2026 Cyber Serw 2/umowa do podpis/Umowa RIN.272.1.6.20226 z dn.9.06 serwCS.pdf;.pdf;615665;29925;True
RIN.271.1.6.2026 Cyber Serw 2;RIN.271.1.6.2026 Cyber Serw 2/wadia/WADIUM STIMO.pdf;.pdf;378282;2329;True
RIN.271.1.6.2026 Cyber Serw 2;RIN.271.1.6.2026 Cyber Serw 2/wadia/wadium systems.pdf;.pdf;400889;2312;True
RIN.271.1.7.2026 Drogi gminy;RIN.271.1.7.2026 Drogi gminy/1_Protokół w tr podst dr GR.docx;.docx;43950;29787;True
RIN.271.1.7.2026 Drogi gminy;RIN.271.1.7.2026 Drogi gminy/SWZ drogi 2026.docx;.docx;101690;78729;True
RIN.271.1.7.2026 Drogi gminy;RIN.271.1.7.2026 Drogi gminy/Wadium/wadium Drogbud.pdf;.pdf;379559;2329;True
RIN.271.1.7.2026 Drogi gminy;RIN.271.1.7.2026 Drogi gminy/Wadium/wadium STRABAG.pdf;.pdf;474671;2473;True
RIN.271.1.7.2026 Drogi gminy;RIN.271.1.7.2026 Drogi gminy/otwarcieeeeeiee/3_Info o kwocie.docx;.docx;92846;895;True
RIN.271.1.7.2026 Drogi gminy;RIN.271.1.7.2026 Drogi gminy/otwarcieeeeeiee/3_Info o kwocie.pdf;.pdf;420795;1597;True
RIN.271.1.7.2026 Drogi gminy;RIN.271.1.7.2026 Drogi gminy/otwarcieeeeeiee/3_Infoa z OTWARCIA dr.docx;.docx;94067;17296;True
RIN.271.1.7.2026 Drogi gminy;RIN.271.1.7.2026 Drogi gminy/otwarcieeeeeiee/4_Info - wybór oferty RIN.271.1.7.2026.docx;.docx;95111;1916;True
RIN.271.1.7.2026 Drogi gminy;RIN.271.1.7.2026 Drogi gminy/otwarcieeeeeiee/4_Info - wybór oferty RIN.271.1.7.2026.pdf;.pdf;452997;3556;True
RIN.271.1.7.2026 Drogi gminy;RIN.271.1.7.2026 Drogi gminy/otwarcieeeeeiee/Informacja z otwarcia ofert dr.pdf;.pdf;627671;1;True
RIN.271.1.7.2026 Drogi gminy;RIN.271.1.7.2026 Drogi gminy/otwarcieeeeeiee/Raport_z_przebiegu_otwarcia_ofert (22).pdf;.pdf;115259;9899;True
RIN.271.1.7.2026 Drogi gminy;RIN.271.1.7.2026 Drogi gminy/otwarcieeeeeiee/Raport_z_przebiegu_otwarcia_ofert-1.pdf;.pdf;78009;4889;True
RIN.271.1.7.2026 Drogi gminy;RIN.271.1.7.2026 Drogi gminy/otwarcieeeeeiee/Roboczy_plik_xml.xml;.xml;4946;4916;True
RIN.271.1.7.2026 Drogi gminy;RIN.271.1.7.2026 Drogi gminy/otwarcieeeeeiee/informacja_do_prezesa.xml;.xml;6311;6281;True
RIN.271.1.7.2026 Drogi gminy;RIN.271.1.7.2026 Drogi gminy/otwarcieeeeeiee/odp na wezwa/08dee0c4-ad48-d036-0d66-5a0001144335-wiadomosc.pdf;.pdf;35358;1782;True
RIN.271.1.7.2026 Drogi gminy;RIN.271.1.7.2026 Drogi gminy/otwarcieeeeeiee/odp na wezwa/ODPOWIEDŹ NA WEZWANIE.pdf;.pdf;723448;2022;True
RIN.271.1.7.2026 Drogi gminy;RIN.271.1.7.2026 Drogi gminy/otwarcieeeeeiee/odp na wezwa/Odpis_Pełny_KRS_0000784252-2.pdf;.pdf;124077;34675;True
RIN.271.1.7.2026 Drogi gminy;RIN.271.1.7.2026 Drogi gminy/otwarcieeeeeiee/odp na wezwa/OŚWIADCZENIE WYKONAWCY.pdf;.pdf;918847;2734;True
RIN.271.1.7.2026 Drogi gminy;RIN.271.1.7.2026 Drogi gminy/otwarcieeeeeiee/odp na wezwa/Uprawnienia Paweł Filip.pdf;.pdf;794232;97;True
RIN.271.1.7.2026 Drogi gminy;RIN.271.1.7.2026 Drogi gminy/otwarcieeeeeiee/odp na wezwa/Zaswiadczenie Paweł Filip Ważne do 31.12.2026.pdf;.pdf;68207;1473;True
RIN.271.1.7.2026 Drogi gminy;RIN.271.1.7.2026 Drogi gminy/otwarcieeeeeiee/odp na wezwa/Załącznik nr 4B – wykaz robót do SWZ.pdf;.pdf;928158;3282;True
RIN.271.1.7.2026 Drogi gminy;RIN.271.1.7.2026 Drogi gminy/otwarcieeeeeiee/odp na wezwa/Załącznik nr 5B wykaz osób do SWZ  A.Rzad (1).pdf;.pdf;923754;3095;True
RIN.271.1.7.2026 Drogi gminy;RIN.271.1.7.2026 Drogi gminy/otwarcieeeeeiee/odp na wezwa/Załącznik nr 5B wykaz osób do SWZ.pdf;.pdf;928983;3095;True
RIN.271.1.7.2026 Drogi gminy;RIN.271.1.7.2026 Drogi gminy/otwarcieeeeeiee/odp na wezwa/poświadczenie.pdf;.pdf;2813983;101;True
RIN.271.1.7.2026 Drogi gminy;RIN.271.1.7.2026 Drogi gminy/otwarcieeeeeiee/odp na wezwa/uprawnienia A.Rzad.pdf;.pdf;797759;97;True
RIN.271.1.7.2026 Drogi gminy;RIN.271.1.7.2026 Drogi gminy/otwarcieeeeeiee/ofertyyy/1_drogBUd/ocds-148610-88cea165-1811-4145-926b-b84b323d8dcf_59820_01_01.zip;.zip;823340;0;True
RIN.271.1.7.2026 Drogi gminy;RIN.271.1.7.2026 Drogi gminy/otwarcieeeeeiee/ofertyyy/2_Wronkowicz/ocds-148610-88cea165-1811-4145-926b-b84b323d8dcf_52266_01_01.zip;.zip;4034767;0;True
RIN.271.1.7.2026 Drogi gminy;RIN.271.1.7.2026 Drogi gminy/otwarcieeeeeiee/ofertyyy/3_Strabag/ocds-148610-88cea165-1811-4145-926b-b84b323d8dcf_25908_01_01.zip;.zip;716796;0;True
RIN.271.1.7.2026 Drogi gminy;RIN.271.1.7.2026 Drogi gminy/otwarcieeeeeiee/potw wezwania 08dedcd0-fa28-97ed-1dcc-000001f47338-wiadomosc.pdf;.pdf;34103;1291;True
RIN.271.1.7.2026 Drogi gminy;RIN.271.1.7.2026 Drogi gminy/otwarcieeeeeiee/potw wysł info wyb oferty 08dee0d3-107b-9a22-0d66-5a000114675a-wiadomosc.pdf;.pdf;34080;1209;True
RIN.271.1.7.2026 Drogi gminy;RIN.271.1.7.2026 Drogi gminy/otwarcieeeeeiee/ummmowa/GUG-2400123-1503-2601398 oraz GUG-2400123-1504-2601399.docx;.docx;169319;4946;True
RIN.271.1.7.2026 Drogi gminy;RIN.271.1.7.2026 Drogi gminy/otwarcieeeeeiee/ummmowa/Umowa RIN.272.1.7.2026 modern drog GR.docx;.docx;92050;67833;True
RIN.271.1.7.2026 Drogi gminy;RIN.271.1.7.2026 Drogi gminy/otwarcieeeeeiee/ummmowa/do umowy/GUG-2400123-1503-2601398 oraz GUG-2400123-1504-2601399.pdf;.pdf;377259;5784;True
RIN.271.1.7.2026 Drogi gminy;RIN.271.1.7.2026 Drogi gminy/otwarcieeeeeiee/ummmowa/do umowy/HARMONOGRAM RZECZOWO-FINANSOWY.pdf;.pdf;103247;5827;True
RIN.271.1.7.2026 Drogi gminy;RIN.271.1.7.2026 Drogi gminy/otwarcieeeeeiee/ummmowa/do umowy/Umowa RIN.272.1.7.2026 modern drog GR.pdf;.pdf;770329;70440;True
RIN.271.1.7.2026 Drogi gminy;RIN.271.1.7.2026 Drogi gminy/otwarcieeeeeiee/ummmowa/do umowy/Uprawnienia kierownicze.pdf;.pdf;601989;2;True
RIN.271.1.7.2026 Drogi gminy;RIN.271.1.7.2026 Drogi gminy/otwarcieeeeeiee/ummmowa/do umowy/Zaswiadczenie_PIIB.pdf;.pdf;69138;1480;True
RIN.271.1.7.2026 Drogi gminy;RIN.271.1.7.2026 Drogi gminy/otwarcieeeeeiee/ummmowa/do umowy/dok podpisane/HARMONOGRAM RZECZOWO-FINANSOWY.pdf;.pdf;180878;6794;True
RIN.271.1.7.2026 Drogi gminy;RIN.271.1.7.2026 Drogi gminy/otwarcieeeeeiee/ummmowa/do umowy/dok podpisane/Uprawnienia kierownicze.pdf;.pdf;669017;97;True
RIN.271.1.7.2026 Drogi gminy;RIN.271.1.7.2026 Drogi gminy/otwarcieeeeeiee/ummmowa/do umowy/dok podpisane/Zaswiadczenie_PIIB.pdf;.pdf;136656;1897;True
RIN.271.1.7.2026 Drogi gminy;RIN.271.1.7.2026 Drogi gminy/otwarcieeeeeiee/ummmowa/do umowy/umowa Raport_20260721101022531.pdf;.pdf;74473;6055;True
RIN.271.1.7.2026 Drogi gminy;RIN.271.1.7.2026 Drogi gminy/otwarcieeeeeiee/ummmowa/go gwarancji Raport_20260720161225812.pdf;.pdf;66736;2658;True
RIN.271.1.7.2026 Drogi gminy;RIN.271.1.7.2026 Drogi gminy/otwarcieeeeeiee/upoważnienie/zarzadzenie_140_2025_powołanie.pdf;.pdf;193613;2041;True
RIN.271.1.7.2026 Drogi gminy;RIN.271.1.7.2026 Drogi gminy/otwarcieeeeeiee/upoważnienie/zarzadzenie_wew_11_202_upoważnienie.pdf;.pdf;222077;10195;True
RIN.271.1.7.2026 Drogi gminy;RIN.271.1.7.2026 Drogi gminy/otwarcieeeeeiee/wezwanie do złożenia dokumentów potwierdzających spełnienie warunków udziału w post.pdf;.pdf;1225360;2;True
RIN.271.1.7.2026 Drogi gminy;RIN.271.1.7.2026 Drogi gminy/wniosek powyżej 170tyś.docx;.docx;27167;5837;True
RIN.271.1.7.2026 Drogi gminy;RIN.271.1.7.2026 Drogi gminy/wynik post pod umowy 08dee702-4a0c-713d-f572-b00001192df4.pdf;.pdf;67133;6964;True
RIN.271.1.8.2026 woda Bzianka 2;RIN.271.1.8.2026 woda Bzianka 2/1_Protokół w tr podst woda Bzianka 2.docx;.docx;45971;32144;True
RIN.271.1.8.2026 woda Bzianka 2;RIN.271.1.8.2026 woda Bzianka 2/4_Info - wybór oferty RIN.271.1.8.2026 woda Bzianka 2.docx;.docx;100570;8070;True
RIN.271.1.8.2026 woda Bzianka 2;RIN.271.1.8.2026 woda Bzianka 2/5_DYSP ZWROTU WADIUM woda Bzianka 2.docx;.docx;60951;16797;True
RIN.271.1.8.2026 woda Bzianka 2;RIN.271.1.8.2026 woda Bzianka 2/KOMISJA Z A R Z Ą D Z E N I E NR Bzianka 2.docx;.docx;17873;1254;False
RIN.271.1.8.2026 woda Bzianka 2;RIN.271.1.8.2026 woda Bzianka 2/Kryterium oceny ofert woda Bzianka 2.xlsx;.xlsx;21734;4747;True
RIN.271.1.8.2026 woda Bzianka 2;RIN.271.1.8.2026 woda Bzianka 2/PYTANIA/Pyt 1/1_Pytania i udzielone odpowiedzi wB2.docx;.docx;93498;3003;True
RIN.271.1.8.2026 woda Bzianka 2;RIN.271.1.8.2026 woda Bzianka 2/PYTANIA/Pyt 2/2_Pytania i udzielone odpowiedzi wB2.docx;.docx;92957;2416;True
RIN.271.1.8.2026 woda Bzianka 2;RIN.271.1.8.2026 woda Bzianka 2/SWZ woda Bzianka_2.docx;.docx;103565;80849;True
RIN.271.1.8.2026 woda Bzianka 2;RIN.271.1.8.2026 woda Bzianka 2/art 56 ust 2 oświad w przed podpisniem umowy woda Bzianka 2.docx;.docx;17900;10762;True
RIN.271.1.8.2026 woda Bzianka 2;RIN.271.1.8.2026 woda Bzianka 2/bzianka 2/wniosek2.docx;.docx;21555;6485;True
RIN.271.1.8.2026 woda Bzianka 2;RIN.271.1.8.2026 woda Bzianka 2/kosztorys ofertowy wrazz ofertą.docx;.docx;30164;15140;True
RIN.271.1.8.2026 woda Bzianka 2;RIN.271.1.8.2026 woda Bzianka 2/otwarcieeeiiee/3_Info o kwocie wB2.docx;.docx;92710;900;True
RIN.271.1.8.2026 woda Bzianka 2;RIN.271.1.8.2026 woda Bzianka 2/otwarcieeeiiee/3_Infoa z OTWARCIA wB2.docx;.docx;92571;2935;True
RIN.271.1.8.2026 woda Bzianka 2;RIN.271.1.8.2026 woda Bzianka 2/otwarcieeeiiee/4_Wezwanie - do złożenia oświadczeń wB2.docx;.docx;94440;3479;True
RIN.271.1.8.2026 woda Bzianka 2;RIN.271.1.8.2026 woda Bzianka 2/otwarcieeeiiee/Informacja o kwocie wB2.pdf;.pdf;461771;1;True
RIN.271.1.8.2026 woda Bzianka 2;RIN.271.1.8.2026 woda Bzianka 2/otwarcieeeiiee/Informacja_z_otwarcia_ofert (28).docx;.docx;41345;2149;True
RIN.271.1.8.2026 woda Bzianka 2;RIN.271.1.8.2026 woda Bzianka 2/otwarcieeeiiee/Offertyy/raz niska cena/10_wezwanie r_n_c do FORTIS.docx;.docx;95461;5009;True
RIN.271.1.8.2026 woda Bzianka 2;RIN.271.1.8.2026 woda Bzianka 2/otwarcieeeiiee/Offertyy/raz niska cena/1_wezwanie r_n_c do INKO.docx;.docx;95611;5577;True
RIN.271.1.8.2026 woda Bzianka 2;RIN.271.1.8.2026 woda Bzianka 2/otwarcieeeiiee/Offertyy/raz niska cena/2_wezwanie r_n_c do ROLWOD.docx;.docx;95669;5563;True
RIN.271.1.8.2026 woda Bzianka 2;RIN.271.1.8.2026 woda Bzianka 2/otwarcieeeiiee/Offertyy/raz niska cena/3_wezwanie r_n_c do MULTIKOP.docx;.docx;95458;5378;True
RIN.271.1.8.2026 woda Bzianka 2;RIN.271.1.8.2026 woda Bzianka 2/otwarcieeeiiee/Offertyy/raz niska cena/4_wezwanie r_n_c do PRID.docx;.docx;95423;5414;True
RIN.271.1.8.2026 woda Bzianka 2;RIN.271.1.8.2026 woda Bzianka 2/otwarcieeeiiee/Offertyy/raz niska cena/5_wezwanie r_n_c do WELKO.docx;.docx;95412;5387;True
RIN.271.1.8.2026 woda Bzianka 2;RIN.271.1.8.2026 woda Bzianka 2/otwarcieeeiiee/Offertyy/raz niska cena/6_wezwanie r_n_c do FALGER.docx;.docx;95599;5307;True
RIN.271.1.8.2026 woda Bzianka 2;RIN.271.1.8.2026 woda Bzianka 2/otwarcieeeiiee/Offertyy/raz niska cena/7_wezwanie r_n_c do KWIEK.docx;.docx;95358;5009;True
RIN.271.1.8.2026 woda Bzianka 2;RIN.271.1.8.2026 woda Bzianka 2/otwarcieeeiiee/Offertyy/raz niska cena/8_wezwanie r_n_c do LISBUD.docx;.docx;95446;5016;True
RIN.271.1.8.2026 woda Bzianka 2;RIN.271.1.8.2026 woda Bzianka 2/otwarcieeeiiee/Offertyy/raz niska cena/9_wezwanie r_n_c do NIEDZIALEK.docx;.docx;95454;5008;True
RIN.271.1.8.2026 woda Bzianka 2;RIN.271.1.8.2026 woda Bzianka 2/otwarcieeeiiee/Offertyy/raz niska cena/NOTATKA.docx;.docx;23623;9251;True
RIN.271.1.8.2026 woda Bzianka 2;RIN.271.1.8.2026 woda Bzianka 2/otwarcieeeiiee/Offertyy/raz niska cena/WEZWANIE DO ZŁOŻENIA WYJAŚNIEŃ DOTYCZĄCYCH RAŻĄCO NISKIEJ CENY.docx;.docx;19140;5388;True
RIN.271.1.8.2026 woda Bzianka 2;RIN.271.1.8.2026 woda Bzianka 2/otwarcieeeiiee/Offertyy/raz niska cena/inko.docx;.docx;19500;7207;True
RIN.271.1.8.2026 woda Bzianka 2;RIN.271.1.8.2026 woda Bzianka 2/otwarcieeeiiee/Offertyy/wezwanie do uzupełnienia/12_wezwanie_POLMAD.pdf;.pdf;1177276;2;True
RIN.271.1.8.2026 woda Bzianka 2;RIN.271.1.8.2026 woda Bzianka 2/otwarcieeeiiee/Offertyy/wezwanie do uzupełnienia/odp/08df0429-552e-e41d-c531-77000197b431-wiadomosc.pdf;.pdf;33917;1178;True
RIN.271.1.8.2026 woda Bzianka 2;RIN.271.1.8.2026 woda Bzianka 2/otwarcieeeiiee/Offertyy/wezwanie do uzupełnienia/odp/Zał nr 2 do SWZ oswiadczenia-wykonawcy-wykonawcow-z-art-125-ust-1-ustawy-Pzp (1).pdf;.pdf;226790;6529;True
RIN.271.1.8.2026 woda Bzianka 2;RIN.271.1.8.2026 woda Bzianka 2/otwarcieeeiiee/Offertyy/wezwanie do uzupełnienia/wezw Polmad 08df041c-b533-00b3-c531-770001979918-wiadomosc.pdf;.pdf;33554;1054;True
RIN.271.1.8.2026 woda Bzianka 2;RIN.271.1.8.2026 woda Bzianka 2/otwarcieeeiiee/Offertyy/wezwanie do uzupełnienia/wezwanie do uzupełnienia Polmad.docx;.docx;89700;2920;True
RIN.271.1.8.2026 woda Bzianka 2;RIN.271.1.8.2026 woda Bzianka 2/otwarcieeeiiee/Offertyy/wezwanieFalger/08df07e9-899a-021b-f222-b00001f8d22c-wiadomosc.pdf;.pdf;33510;1187;True
RIN.271.1.8.2026 woda Bzianka 2;RIN.271.1.8.2026 woda Bzianka 2/otwarcieeeiiee/Offertyy/wybór oferty/NOTATKA SŁUŻBOWA do wniosku Kwieka.docx;.docx;17821;3371;True
RIN.271.1.8.2026 woda Bzianka 2;RIN.271.1.8.2026 woda Bzianka 2/otwarcieeeiiee/Offertyy/wybór oferty/NOTATKA SŁUŻBOWA do wniosku ROLWOD i KWIEK.docx;.docx;21565;9750;True
RIN.271.1.8.2026 woda Bzianka 2;RIN.271.1.8.2026 woda Bzianka 2/otwarcieeeiiee/Offertyy/wybór oferty/Ocena wyjaśnień dotyczących rażąco niskiej ceny wodociąg Bzianka 2.docx;.docx;35851;40865;True
RIN.271.1.8.2026 woda Bzianka 2;RIN.271.1.8.2026 woda Bzianka 2/otwarcieeeiiee/Offertyy/wybór oferty/UZASADNIENIE PONOWNEJ ANALIZY WYJAŚNIEŃ DOTYCZĄCYCH RAŻĄCO NISKIEJ CENY.docx;.docx;26514;19326;True
RIN.271.1.8.2026 woda Bzianka 2;RIN.271.1.8.2026 woda Bzianka 2/otwarcieeeiiee/Raport_z_przebiegu_otwarcia_ofert (23).pdf;.pdf;394305;45407;True
RIN.271.1.8.2026 woda Bzianka 2;RIN.271.1.8.2026 woda Bzianka 2/otwarcieeeiiee/Roboczy_plik_xml.xml;.xml;10221;10143;True
RIN.271.1.8.2026 woda Bzianka 2;RIN.271.1.8.2026 woda Bzianka 2/otwarcieeeiiee/info o wyborze wB2.docx;.docx;22415;7136;True
RIN.271.1.8.2026 woda Bzianka 2;RIN.271.1.8.2026 woda Bzianka 2/otwarcieeeiiee/informacja_do_prezesa.xml;.xml;10741;10657;True
RIN.271.1.8.2026 woda Bzianka 2;RIN.271.1.8.2026 woda Bzianka 2/otwarcieeeiiee/waadium/wadium Głowik.pdf;.pdf;376188;1890;True
RIN.271.1.8.2026 woda Bzianka 2;RIN.271.1.8.2026 woda Bzianka 2/otwarcieeeiiee/waadium/wadium PRID.pdf;.pdf;999753;2242;True
RIN.271.1.8.2026 woda Bzianka 2;RIN.271.1.8.2026 woda Bzianka 2/otwarcieeeiiee/waadium/wadium Polmad.pdf;.pdf;385541;1903;True
RIN.271.1.8.2026 woda Bzianka 2;RIN.271.1.8.2026 woda Bzianka 2/otwarcieeeiiee/waadium/wadium Skołyszyn.pdf;.pdf;375069;1873;True
RIN.271.1.8.2026 woda Bzianka 2;RIN.271.1.8.2026 woda Bzianka 2/otwarcieeeiiee/waadium/wadium multikop.pdf;.pdf;375394;1885;True
RIN.271.1.8.2026 woda Bzianka 2;RIN.271.1.8.2026 woda Bzianka 2/otwarcieeeiiee/zawiadomienie o wybo rze i odrzuceniu wB2.docx;.docx;21767;8274;True
RIN.271.1.8.2026 woda Bzianka 2;RIN.271.1.8.2026 woda Bzianka 2/potw wysłania powiadomienia wybór ofert 08df0ce5-66fd-c7fa-f222-b00001fbffbc-wiadomosc (1).pdf;.pdf;37597;2619;True
RIN.271.1.8.2026 woda Bzianka 2;RIN.271.1.8.2026 woda Bzianka 2/umowaWo/Gwarancja_920070234116 (1).pdf;.pdf;260270;9382;True
RIN.271.1.8.2026 woda Bzianka 2;RIN.271.1.8.2026 woda Bzianka 2/umowaWo/umowa RIN.272.1.8.2026 woda B2.docx;.docx;90681;67527;True
RIN.271.1.9.2026 oświetlenie;RIN.271.1.9.2026 oświetlenie/1_Protokół w tr podst oświetlenie.docx;.docx;44412;29862;True
RIN.271.1.9.2026 oświetlenie;RIN.271.1.9.2026 oświetlenie/4_Info - wybór oferty oświetlenie.docx;.docx;97032;3409;True
RIN.271.1.9.2026 oświetlenie;RIN.271.1.9.2026 oświetlenie/4_Wezwanie - do złożenia oświadczeń oświetleni EKOSERWIS.docx;.docx;97255;6120;True
RIN.271.1.9.2026 oświetlenie;RIN.271.1.9.2026 oświetlenie/5_DYSP ZWROTU WADIUM oświetlenie.docx;.docx;25462;4113;True
RIN.271.1.9.2026 oświetlenie;RIN.271.1.9.2026 oświetlenie/OttttWarcie/2_art 56 ust 3 oświad w przed dniem otwarcia ofert ośw.docx;.docx;17103;6949;True
RIN.271.1.9.2026 oświetlenie;RIN.271.1.9.2026 oświetlenie/OttttWarcie/3_Info o kwocie.docx;.docx;92729;887;False
RIN.271.1.9.2026 oświetlenie;RIN.271.1.9.2026 oświetlenie/OttttWarcie/3_Infoa z OTWARCIA ośw.docx;.docx;91500;1661;True
RIN.271.1.9.2026 oświetlenie;RIN.271.1.9.2026 oświetlenie/OttttWarcie/Informacja o kwocie Ośw.pdf;.pdf;454049;1;True
RIN.271.1.9.2026 oświetlenie;RIN.271.1.9.2026 oświetlenie/OttttWarcie/Informacja o wyborze oferty ośw.pdf;.pdf;1739794;3;True
RIN.271.1.9.2026 oświetlenie;RIN.271.1.9.2026 oświetlenie/OttttWarcie/Informacja z otwarcia ofert ośw.pdf;.pdf;641292;1;True
RIN.271.1.9.2026 oświetlenie;RIN.271.1.9.2026 oświetlenie/OttttWarcie/NOTATKA SŁUŻBOWA przed wezwaniem o ośw.docx;.docx;19839;7529;True
RIN.271.1.9.2026 oświetlenie;RIN.271.1.9.2026 oświetlenie/OttttWarcie/Raport_z_przebiegu_otwarcia_ofert (24) (1).pdf;.pdf;210740;21124;True
RIN.271.1.9.2026 oświetlenie;RIN.271.1.9.2026 oświetlenie/OttttWarcie/Roboczy_plik_xml (1).xml;.xml;4989;4960;False
RIN.271.1.9.2026 oświetlenie;RIN.271.1.9.2026 oświetlenie/OttttWarcie/inf o wysl wybór 08df13e9-b013-44bd-f222-b000010088a6-wiadomosc.pdf;.pdf;38090;1334;True
RIN.271.1.9.2026 oświetlenie;RIN.271.1.9.2026 oświetlenie/OttttWarcie/informacja_do_prezesa.xml;.xml;6802;6770;True
RIN.271.1.9.2026 oświetlenie;RIN.271.1.9.2026 oświetlenie/OttttWarcie/kryterium oceny ofert ośw.xlsx;.xlsx;20209;2060;True
RIN.271.1.9.2026 oświetlenie;RIN.271.1.9.2026 oświetlenie/OttttWarcie/otwarcdoferty/SrodPrzedmiot/Analiza ofert.pdf;.pdf;226671;9517;True
RIN.271.1.9.2026 oświetlenie;RIN.271.1.9.2026 oświetlenie/OttttWarcie/otwarcdoferty/SrodPrzedmiot/Zestawienie ofert - analiza ocena.xlsx;.xlsx;15267;3294;True
RIN.271.1.9.2026 oświetlenie;RIN.271.1.9.2026 oświetlenie/OttttWarcie/otwarcdoferty/srDowPodm/08df12ee-66e2-4f46-f222-b00001ff733d-wiadomosc.pdf;.pdf;32906;960;True
RIN.271.1.9.2026 oświetlenie;RIN.271.1.9.2026 oświetlenie/OttttWarcie/otwarcdoferty/srDowPodm/wezwanie do złożenia podm śr. dow EKOSERWIS.pdf;.pdf;2240172;3;True
RIN.271.1.9.2026 oświetlenie;RIN.271.1.9.2026 oświetlenie/OttttWarcie/otwarcdoferty/wezwanie o wyjaśnienie/08df0cd2-ebe3-0b0e-f222-b00001fbd7e2-wiadomosc (1).pdf;.pdf;32800;964;True
RIN.271.1.9.2026 oświetlenie;RIN.271.1.9.2026 oświetlenie/OttttWarcie/otwarcdoferty/wezwanie o wyjaśnienie/NOTATKA do odpowiedz na wezwania EKOSERWIS.docx;.docx;18562;4397;True
RIN.271.1.9.2026 oświetlenie;RIN.271.1.9.2026 oświetlenie/OttttWarcie/otwarcdoferty/wezwanie o wyjaśnienie/NOTATKA do wezwania.docx;.docx;17987;3830;True
RIN.271.1.9.2026 oświetlenie;RIN.271.1.9.2026 oświetlenie/OttttWarcie/otwarcdoferty/wezwanie o wyjaśnienie/odpNaWezw/08df0de5-018f-5e03-f222-b00001fcb7f0-wiadomosc (1).pdf;.pdf;33151;974;True
RIN.271.1.9.2026 oświetlenie;RIN.271.1.9.2026 oświetlenie/OttttWarcie/otwarcdoferty/wezwanie o wyjaśnienie/odpNaWezw/Odpowiedz na wezwanie z 07.09.2026 (1).pdf;.pdf;441595;2638;True
RIN.271.1.9.2026 oświetlenie;RIN.271.1.9.2026 oświetlenie/OttttWarcie/otwarcdoferty/wezwanie o wyjaśnienie/wezwanie do złożenia wyjaśnień dot treści oferty.docx;.docx;94323;4629;True
RIN.271.1.9.2026 oświetlenie;RIN.271.1.9.2026 oświetlenie/OttttWarcie/otwarcdoferty/wezwanie o wyjaśnienie/wezwanie do złożenia wyjaśnień dot treści oferty.pdf;.pdf;1542239;2;True
RIN.271.1.9.2026 oświetlenie;RIN.271.1.9.2026 oświetlenie/Pytania/1_Pyt/08df01d6-9a06-df67-c531-77000195d32c-wiadomosc.pdf;.pdf;37155;3962;False
RIN.271.1.9.2026 oświetlenie;RIN.271.1.9.2026 oświetlenie/Pytania/1_Pyt/1_Pytania i udzielone odpowiedzi Ośw.docx;.docx;93734;3746;True
RIN.271.1.9.2026 oświetlenie;RIN.271.1.9.2026 oświetlenie/Pytania/1_Pyt/1_Pytania i udzielone odpowiedzi.pdf;.pdf;1328388;2;True
RIN.271.1.9.2026 oświetlenie;RIN.271.1.9.2026 oświetlenie/Pytania/1_Pyt/AGRA_Słupy Kompozytowe_Atuty  Zalety.pdf;.pdf;133752;2995;False
RIN.271.1.9.2026 oświetlenie;RIN.271.1.9.2026 oświetlenie/Pytania/1_Pyt/KARTA-GWARANCYJNA-SLUPY.pdf;.pdf;401404;4085;False
RIN.271.1.9.2026 oświetlenie;RIN.271.1.9.2026 oświetlenie/Pytania/2_Pyt/08df04da-3999-5895-f222-b00001f79de7-wiadomosc.pdf;.pdf;32613;874;False
RIN.271.1.9.2026 oświetlenie;RIN.271.1.9.2026 oświetlenie/Pytania/2_Pyt/2_Pytania i udzielone odpowiedzi Ośw.docx;.docx;94640;4657;True
RIN.271.1.9.2026 oświetlenie;RIN.271.1.9.2026 oświetlenie/Pytania/2_Pyt/2_Pytania i udzielone odpowiedzi.pdf;.pdf;1533504;2;True
RIN.271.1.9.2026 oświetlenie;RIN.271.1.9.2026 oświetlenie/Pytania/2_Pyt/pytanie do postępowania-podpisane.pdf;.pdf;607972;2949;False
RIN.271.1.9.2026 oświetlenie;RIN.271.1.9.2026 oświetlenie/Pytania/3_Pyt/08df04fa-0732-f4f0-f222-b00001f7e896-wiadomosc.pdf;.pdf;34395;1762;False
RIN.271.1.9.2026 oświetlenie;RIN.271.1.9.2026 oświetlenie/Pytania/3_Pyt/3_Pytania i udzielone odpowiedzi Ośw.docx;.docx;93098;2208;True
RIN.271.1.9.2026 oświetlenie;RIN.271.1.9.2026 oświetlenie/Pytania/3_Pyt/3_Pytania i udzielone odpowiedzi Ośw.pdf;.pdf;747099;1;True
RIN.271.1.9.2026 oświetlenie;RIN.271.1.9.2026 oświetlenie/Pytania/3_Pyt/42972-pl-SAL DP-607G-2026-07-27.pdf;.pdf;458615;10474;False
RIN.271.1.9.2026 oświetlenie;RIN.271.1.9.2026 oświetlenie/Pytania/4_Pyt/08df09a3-9426-e79a-f222-b00001fa5dd0-wiadomosc.pdf;.pdf;36236;878;False
RIN.271.1.9.2026 oświetlenie;RIN.271.1.9.2026 oświetlenie/Pytania/4_Pyt/4_Pytania i udzielone odpowiedzi Oś.pdf;.pdf;672739;1;True
RIN.271.1.9.2026 oświetlenie;RIN.271.1.9.2026 oświetlenie/Pytania/4_Pyt/4_Pytania i udzielone odpowiedzi Ośw.docx;.docx;92957;1895;True
RIN.271.1.9.2026 oświetlenie;RIN.271.1.9.2026 oświetlenie/Pytania/4_Pyt/pytanie Sieniawa nad Zalewem-podpisany.pdf;.pdf;594143;1530;False
RIN.271.1.9.2026 oświetlenie;RIN.271.1.9.2026 oświetlenie/Pytania/NOTATKA DO AKT POSTĘPOWANIA.docx;.docx;14594;1998;False
RIN.271.1.9.2026 oświetlenie;RIN.271.1.9.2026 oświetlenie/SWZ oświetlenie GR.docx;.docx;106299;84753;True
RIN.271.1.9.2026 oświetlenie;RIN.271.1.9.2026 oświetlenie/art 56 ust 2 oświad w przed podpisniem umowy oświetlenie.docx;.docx;17867;10797;True
RIN.271.1.9.2026 oświetlenie;RIN.271.1.9.2026 oświetlenie/uuuUmowa/Poręczenie nwu i rękojmi EKO-SERWIS Sp. z o.o._Gmina Rymanów.doc;.doc;71168;5613;True
RIN.271.1.9.2026 oświetlenie;RIN.271.1.9.2026 oświetlenie/uuuUmowa/Poręczenie nwu i rękojmi EKO-SERWIS Sp. z o.o._Gmina Rymanów.pdf;.pdf;197557;7030;True
RIN.271.1.9.2026 oświetlenie;RIN.271.1.9.2026 oświetlenie/uuuUmowa/RIN.272.1.9.2026 ośw GR.docx;.docx;90974;67755;True
RIN.271.1.9.2026 oświetlenie;RIN.271.1.9.2026 oświetlenie/wadium/wadium Almax.pdf;.pdf;1001012;2277;True
RIN.271.1.9.2026 oświetlenie;RIN.271.1.9.2026 oświetlenie/wadium/wadum EKO-SERWIS.pdf;.pdf;999474;2239;True
RIN.271.1.9.2026 oświetlenie;RIN.271.1.9.2026 oświetlenie/wniosek oświetlenie.docx;.docx;20111;4570;True
RIN.271.1.9.2026 oświetlenie;RIN.271.1.9.2026 oświetlenie/zadania ośw.png;.png;29716;0;False
